ISO-10303-21;
HEADER;
FILE_DESCRIPTION (( 'STEP AP214' ),
    '1' );
FILE_NAME ('FDUE0650-H-1R0M=P3.STEP',
    '2020-01-28T22:21:36',
    ( '' ),
    ( '' ),
    'SwSTEP 2.0',
    'SolidWorks 2018',
    '' );
FILE_SCHEMA (( 'AUTOMOTIVE_DESIGN' ));
ENDSEC;

DATA;
#1 = VERTEX_POINT ( 'NONE', #851 ) ;
#2 = AXIS2_PLACEMENT_3D ( 'NONE', #447, #184, #1269 ) ;
#3 = VERTEX_POINT ( 'NONE', #24 ) ;
#4 = DIRECTION ( 'NONE',  ( 1.000000000000000000, 0.0000000000000000000, -1.445602896647340149E-16 ) ) ;
#5 = ORIENTED_EDGE ( 'NONE', *, *, #656, .T. ) ;
#6 = CARTESIAN_POINT ( 'NONE',  ( -1.199999999999998401, 0.4499999999999994560, -3.799999999999999378 ) ) ;
#7 = DIRECTION ( 'NONE',  ( 1.000000000000000000, -0.0000000000000000000, 0.0000000000000000000 ) ) ;
#8 = ADVANCED_FACE ( 'NONE', ( #356 ), #276, .F. ) ;
#9 = LINE ( 'NONE', #108, #1457 ) ;
#10 = LINE ( 'NONE', #20, #569 ) ;
#11 = DIRECTION ( 'NONE',  ( 0.0000000000000000000, 0.0000000000000000000, 1.000000000000000000 ) ) ;
#12 = DIRECTION ( 'NONE',  ( 1.445602896647340149E-16, 0.0000000000000000000, -1.000000000000000000 ) ) ;
#13 = LINE ( 'NONE', #1370, #1585 ) ;
#14 = EDGE_CURVE ( 'NONE', #303, #1576, #1590, .T. ) ;
#15 = DIRECTION ( 'NONE',  ( 0.0000000000000000000, -1.000000000000000000, 8.673617379884013384E-15 ) ) ;
#16 = SURFACE_STYLE_FILL_AREA ( #415 ) ;
#17 = AXIS2_PLACEMENT_3D ( 'NONE', #1341, #963, #699 ) ;
#18 = CARTESIAN_POINT ( 'NONE',  ( -1.199999999999998401, 0.0000000000000000000, -3.799999999999999378 ) ) ;
#19 = ADVANCED_FACE ( 'NONE', ( #771 ), #1649, .F. ) ;
#20 = CARTESIAN_POINT ( 'NONE',  ( 7.228014483236697048E-17, 4.299999999999999822, -3.799999999999999378 ) ) ;
#21 = CARTESIAN_POINT ( 'NONE',  ( 3.350000000000000089, 5.000000000000000000, -2.449999999999997069 ) ) ;
#22 = VERTEX_POINT ( 'NONE', #1230 ) ;
#23 = ORIENTED_EDGE ( 'NONE', *, *, #312, .F. ) ;
#24 = CARTESIAN_POINT ( 'NONE',  ( 1.200000000000001066, 4.299999999999999822, -3.799999999999999378 ) ) ;
#25 = EDGE_CURVE ( 'NONE', #308, #1243, #263, .T. ) ;
#26 = APPLICATION_PROTOCOL_DEFINITION ( 'draft international standard', 'automotive_design', 1998, #153 ) ;
#27 = VERTEX_POINT ( 'NONE', #1499 ) ;
#28 = DIRECTION ( 'NONE',  ( 0.0000000000000000000, -1.000000000000000000, 0.0000000000000000000 ) ) ;
#29 = ADVANCED_FACE ( 'NONE', ( #282 ), #962, .T. ) ;
#30 = ORIENTED_EDGE ( 'NONE', *, *, #128, .F. ) ;
#31 = ORIENTED_EDGE ( 'NONE', *, *, #788, .T. ) ;
#32 = DIRECTION ( 'NONE',  ( 1.000000000000000000, 0.0000000000000000000, 0.0000000000000000000 ) ) ;
#33 = VECTOR ( 'NONE', #1745, 1000.000000000000114 ) ;
#34 = VECTOR ( 'NONE', #559, 1000.000000000000000 ) ;
#35 = PLANE ( 'NONE',  #169 ) ;
#36 = LINE ( 'NONE', #539, #1079 ) ;
#37 = DIRECTION ( 'NONE',  ( -0.0000000000000000000, -0.0000000000000000000, -1.000000000000000000 ) ) ;
#38 = EDGE_CURVE ( 'NONE', #842, #762, #237, .T. ) ;
#39 = VECTOR ( 'NONE', #15, 1000.000000000000000 ) ;
#40 = ADVANCED_FACE ( 'NONE', ( #401 ), #1248, .F. ) ;
#41 = AXIS2_PLACEMENT_3D ( 'NONE', #1264, #1530, #1418 ) ;
#42 = VECTOR ( 'NONE', #664, 1000.000000000000000 ) ;
#43 = ADVANCED_BREP_SHAPE_REPRESENTATION ( 'FDUE0650-H-1R0M=P3', ( #601, #63, #1233, #1469, #266 ), #594 ) ;
#44 = DIRECTION ( 'NONE',  ( 0.0000000000000000000, 0.0000000000000000000, 1.000000000000000000 ) ) ;
#45 = CARTESIAN_POINT ( 'NONE',  ( -3.350000000000000089, 5.000000000000000000, -3.450000000000000178 ) ) ;
#46 = DIRECTION ( 'NONE',  ( -0.0000000000000000000, 1.000000000000000000, -0.0000000000000000000 ) ) ;
#47 = CARTESIAN_POINT ( 'NONE',  ( 1.200000000000001510, 0.0000000000000000000, 2.299999999999999822 ) ) ;
#48 = ADVANCED_FACE ( 'NONE', ( #1295 ), #552, .F. ) ;
#49 = ORIENTED_EDGE ( 'NONE', *, *, #832, .T. ) ;
#50 = DIRECTION ( 'NONE',  ( -0.0000000000000000000, -1.000000000000000000, -0.0000000000000000000 ) ) ;
#51 = VERTEX_POINT ( 'NONE', #987 ) ;
#52 = EDGE_CURVE ( 'NONE', #1073, #1515, #860, .T. ) ;
#53 = ORIENTED_EDGE ( 'NONE', *, *, #343, .F. ) ;
#54 = ORIENTED_EDGE ( 'NONE', *, *, #1581, .T. ) ;
#55 = PLANE ( 'NONE',  #314 ) ;
#56 = FACE_OUTER_BOUND ( 'NONE', #1554, .T. ) ;
#57 = VECTOR ( 'NONE', #1493, 1000.000000000000000 ) ;
#58 = CARTESIAN_POINT ( 'NONE',  ( -1.199999999999998623, 0.4000000000000000222, 2.300000000000000266 ) ) ;
#59 = LINE ( 'NONE', #628, #232 ) ;
#60 = LINE ( 'NONE', #1605, #443 ) ;
#61 = EDGE_CURVE ( 'NONE', #224, #1386, #1235, .T. ) ;
#62 = VECTOR ( 'NONE', #1724, 1000.000000000000114 ) ;
#63 = MANIFOLD_SOLID_BREP ( 'Mirror1', #1265 ) ;
#64 = CARTESIAN_POINT ( 'NONE',  ( 2.350000000000000977, 5.000000000000000000, -3.450000000000000178 ) ) ;
#65 = ORIENTED_EDGE ( 'NONE', *, *, #1514, .T. ) ;
#66 = ORIENTED_EDGE ( 'NONE', *, *, #1368, .F. ) ;
#67 = EDGE_LOOP ( 'NONE', ( #1413, #1600, #996, #753 ) ) ;
#68 = CARTESIAN_POINT ( 'NONE',  ( -2.850000000000000089, 0.1000000000000002554, 2.950000000000000178 ) ) ;
#69 = ORIENTED_EDGE ( 'NONE', *, *, #1494, .F. ) ;
#70 = EDGE_CURVE ( 'NONE', #1453, #216, #1009, .T. ) ;
#71 = PLANE ( 'NONE',  #809 ) ;
#72 = ORIENTED_EDGE ( 'NONE', *, *, #1203, .T. ) ;
#73 = VERTEX_POINT ( 'NONE', #381 ) ;
#74 = PLANE ( 'NONE',  #1102 ) ;
#75 = FACE_OUTER_BOUND ( 'NONE', #720, .T. ) ;
#76 = LINE ( 'NONE', #413, #57 ) ;
#77 = VECTOR ( 'NONE', #794, 1000.000000000000000 ) ;
#78 = CYLINDRICAL_SURFACE ( 'NONE', #1383, 0.5000000000000000000 ) ;
#79 = VECTOR ( 'NONE', #837, 1000.000000000000000 ) ;
#80 = DIRECTION ( 'NONE',  ( -1.000000000000000000, -0.0000000000000000000, -0.0000000000000000000 ) ) ;
#81 = CARTESIAN_POINT ( 'NONE',  ( -1.199999999999998401, 5.000000000000000000, 3.399999999999999467 ) ) ;
#82 = ORIENTED_EDGE ( 'NONE', *, *, #542, .T. ) ;
#83 = ORIENTED_EDGE ( 'NONE', *, *, #250, .F. ) ;
#84 = DIRECTION ( 'NONE',  ( -0.0000000000000000000, -0.0000000000000000000, -1.000000000000000000 ) ) ;
#85 = DIRECTION ( 'NONE',  ( 0.0000000000000000000, 0.0000000000000000000, 1.000000000000000000 ) ) ;
#86 = ORIENTED_EDGE ( 'NONE', *, *, #1736, .F. ) ;
#87 = EDGE_CURVE ( 'NONE', #1343, #1096, #1731, .T. ) ;
#88 = CARTESIAN_POINT ( 'NONE',  ( 1.200000000000001510, 0.4000000000000000222, -2.299999999999999822 ) ) ;
#89 = ORIENTED_EDGE ( 'NONE', *, *, #1417, .T. ) ;
#90 = CARTESIAN_POINT ( 'NONE',  ( 0.0000000000000000000, 0.4000000000000000222, 0.0000000000000000000 ) ) ;
#91 = AXIS2_PLACEMENT_3D ( 'NONE', #1445, #1569, #763 ) ;
#92 = VECTOR ( 'NONE', #793, 1000.000000000000000 ) ;
#93 = DIRECTION ( 'NONE',  ( 1.000000000000000000, 0.0000000000000000000, 0.0000000000000000000 ) ) ;
#94 = VECTOR ( 'NONE', #1568, 1000.000000000000000 ) ;
#95 = FACE_OUTER_BOUND ( 'NONE', #1299, .T. ) ;
#96 = CARTESIAN_POINT ( 'NONE',  ( -1.602072594216366053, 0.09999999999999999167, -5.431161275615896677 ) ) ;
#97 = COLOUR_RGB ( '',0.7921568627450980005, 0.8196078431372548767, 0.9333333333333333481 ) ;
#98 = DIRECTION ( 'NONE',  ( 1.000000000000000000, 0.0000000000000000000, 0.0000000000000000000 ) ) ;
#99 = DIRECTION ( 'NONE',  ( 0.0000000000000000000, -1.000000000000000000, 0.0000000000000000000 ) ) ;
#100 = EDGE_LOOP ( 'NONE', ( #1201, #49, #499, #1089 ) ) ;
#101 = DIRECTION ( 'NONE',  ( 0.0000000000000000000, 0.0000000000000000000, 1.000000000000000000 ) ) ;
#102 = ORIENTED_EDGE ( 'NONE', *, *, #475, .T. ) ;
#103 =( GEOMETRIC_REPRESENTATION_CONTEXT ( 3 ) GLOBAL_UNCERTAINTY_ASSIGNED_CONTEXT ( ( #924 ) ) GLOBAL_UNIT_ASSIGNED_CONTEXT ( ( #941, #668, #1771 ) ) REPRESENTATION_CONTEXT ( 'NONE', 'WORKASPACE' ) );
#104 = ORIENTED_EDGE ( 'NONE', *, *, #1494, .T. ) ;
#105 = ORIENTED_EDGE ( 'NONE', *, *, #1136, .T. ) ;
#106 = DIRECTION ( 'NONE',  ( -1.000000000000000000, 0.0000000000000000000, 1.807003620809173892E-16 ) ) ;
#107 = AXIS2_PLACEMENT_3D ( 'NONE', #1542, #1275, #1409 ) ;
#108 = CARTESIAN_POINT ( 'NONE',  ( -3.350000000000000089, 0.4499999999999999001, -3.450000000000000178 ) ) ;
#109 = PLANE ( 'NONE',  #1687 ) ;
#110 = EDGE_LOOP ( 'NONE', ( #1625, #72, #1365, #1168 ) ) ;
#111 = ORIENTED_EDGE ( 'NONE', *, *, #1536, .T. ) ;
#112 = DIRECTION ( 'NONE',  ( 0.0000000000000000000, -1.000000000000000000, 0.0000000000000000000 ) ) ;
#113 = EDGE_LOOP ( 'NONE', ( #1223, #998, #459, #1671 ) ) ;
#114 = DIRECTION ( 'NONE',  ( 1.000000000000000000, 0.0000000000000000000, 0.0000000000000000000 ) ) ;
#115 = LINE ( 'NONE', #663, #295 ) ;
#116 = SURFACE_SIDE_STYLE ('',( #16 ) ) ;
#117 = LINE ( 'NONE', #692, #34 ) ;
#118 = DIRECTION ( 'NONE',  ( 0.0000000000000000000, 1.000000000000000000, 0.0000000000000000000 ) ) ;
#119 = LINE ( 'NONE', #260, #350 ) ;
#120 = LINE ( 'NONE', #798, #1521 ) ;
#121 = DIRECTION ( 'NONE',  ( -0.0000000000000000000, -1.213918724979067768E-16, 1.000000000000000000 ) ) ;
#122 = DIRECTION ( 'NONE',  ( -0.0000000000000000000, -1.000000000000000000, 0.0000000000000000000 ) ) ;
#123 = FACE_OUTER_BOUND ( 'NONE', #697, .T. ) ;
#124 = DIRECTION ( 'NONE',  ( -0.0000000000000000000, 1.000000000000000000, -0.0000000000000000000 ) ) ;
#125 = VERTEX_POINT ( 'NONE', #1072 ) ;
#126 = EDGE_LOOP ( 'NONE', ( #1340, #387, #283, #1666 ) ) ;
#127 = DIRECTION ( 'NONE',  ( 0.0000000000000000000, 1.000000000000000000, 0.0000000000000000000 ) ) ;
#128 = EDGE_CURVE ( 'NONE', #646, #894, #1685, .T. ) ;
#129 = PLANE ( 'NONE',  #500 ) ;
#130 =( LENGTH_UNIT ( ) NAMED_UNIT ( * ) SI_UNIT ( .MILLI., .METRE. ) );
#131 = ORIENTED_EDGE ( 'NONE', *, *, #1055, .T. ) ;
#132 = CARTESIAN_POINT ( 'NONE',  ( -1.199999999999998401, 0.4499999999999993450, 3.399999999999999467 ) ) ;
#133 = VERTEX_POINT ( 'NONE', #1083 ) ;
#134 = DIRECTION ( 'NONE',  ( 1.000000000000000000, 0.0000000000000000000, 0.0000000000000000000 ) ) ;
#135 = CARTESIAN_POINT ( 'NONE',  ( 1.399999999999998801, 0.4499999999999993450, 2.100000000000000089 ) ) ;
#136 = ORIENTED_EDGE ( 'NONE', *, *, #1417, .F. ) ;
#137 = CARTESIAN_POINT ( 'NONE',  ( 1.425000000000000044, 5.000000000000000000, 1.125000000000000444 ) ) ;
#138 = ORIENTED_EDGE ( 'NONE', *, *, #61, .F. ) ;
#139 = EDGE_CURVE ( 'NONE', #519, #1495, #1635, .T. ) ;
#140 = DIRECTION ( 'NONE',  ( 0.0000000000000000000, -1.000000000000000000, 0.0000000000000000000 ) ) ;
#141 = DIRECTION ( 'NONE',  ( -0.0000000000000000000, -0.0000000000000000000, 1.000000000000000000 ) ) ;
#142 = EDGE_CURVE ( 'NONE', #308, #1133, #1279, .T. ) ;
#143 = CIRCLE ( 'NONE', #1031, 0.3500000000000000333 ) ;
#144 = CARTESIAN_POINT ( 'NONE',  ( 1.200000000000001510, 0.4499999999999994560, -3.349999999999999201 ) ) ;
#145 = AXIS2_PLACEMENT_3D ( 'NONE', #1017, #760, #1696 ) ;
#146 = VECTOR ( 'NONE', #409, 1000.000000000000000 ) ;
#147 = CARTESIAN_POINT ( 'NONE',  ( 1.200000000000001510, 0.4499999999999994560, 3.799999999999999378 ) ) ;
#148 = SURFACE_STYLE_USAGE ( .BOTH. , #1111 ) ;
#149 = VECTOR ( 'NONE', #829, 1000.000000000000000 ) ;
#150 = PLANE ( 'NONE',  #438 ) ;
#151 = CARTESIAN_POINT ( 'NONE',  ( 1.602072594216366941, 0.09999999999999999167, 1.897927405783632393 ) ) ;
#152 = EDGE_CURVE ( 'NONE', #1558, #1000, #198, .T. ) ;
#153 = APPLICATION_CONTEXT ( 'automotive_design' ) ;
#154 = ORIENTED_EDGE ( 'NONE', *, *, #1654, .T. ) ;
#155 = DIRECTION ( 'NONE',  ( -1.000000000000000000, 0.0000000000000000000, -1.807003620809173892E-16 ) ) ;
#156 = ADVANCED_FACE ( 'NONE', ( #555 ), #1359, .F. ) ;
#157 = AXIS2_PLACEMENT_3D ( 'NONE', #90, #112, #11 ) ;
#158 = EDGE_LOOP ( 'NONE', ( #632, #1176, #368, #161 ) ) ;
#159 = DIRECTION ( 'NONE',  ( -1.000000000000000000, 0.0000000000000000000, -0.0000000000000000000 ) ) ;
#160 = ORIENTED_EDGE ( 'NONE', *, *, #955, .F. ) ;
#161 = ORIENTED_EDGE ( 'NONE', *, *, #797, .F. ) ;
#162 = CARTESIAN_POINT ( 'NONE',  ( -1.199999999999998401, 0.4499999999999994560, 3.349999999999999201 ) ) ;
#163 = CIRCLE ( 'NONE', #1349, 0.5000000000000000000 ) ;
#164 = LINE ( 'NONE', #1551, #1628 ) ;
#165 = EDGE_CURVE ( 'NONE', #1343, #1719, #1172, .T. ) ;
#166 = ADVANCED_FACE ( 'NONE', ( #424 ), #259, .F. ) ;
#167 = CARTESIAN_POINT ( 'NONE',  ( 1.200000000000001066, -8.673617379884035472E-16, -3.399999999999999467 ) ) ;
#168 = LINE ( 'NONE', #1591, #1459 ) ;
#169 = AXIS2_PLACEMENT_3D ( 'NONE', #162, #175, #567 ) ;
#170 = CARTESIAN_POINT ( 'NONE',  ( -3.350000000000000089, 5.000000000000000000, -3.450000000000000178 ) ) ;
#171 = CIRCLE ( 'NONE', #754, 0.5000000000000000000 ) ;
#172 = CARTESIAN_POINT ( 'NONE',  ( -1.199999999999998401, 0.0000000000000000000, -3.349999999999999645 ) ) ;
#173 = ORIENTED_EDGE ( 'NONE', *, *, #588, .F. ) ;
#174 = DIRECTION ( 'NONE',  ( -1.000000000000000000, 0.0000000000000000000, 0.0000000000000000000 ) ) ;
#175 = DIRECTION ( 'NONE',  ( -1.000000000000000000, 0.0000000000000000000, -0.0000000000000000000 ) ) ;
#176 = ADVANCED_FACE ( 'NONE', ( #281 ), #1524, .F. ) ;
#177 = ORIENTED_EDGE ( 'NONE', *, *, #926, .T. ) ;
#178 = CARTESIAN_POINT ( 'NONE',  ( -1.399999999999998579, 0.4499999999999993450, -5.431161275615896677 ) ) ;
#179 = VERTEX_POINT ( 'NONE', #1347 ) ;
#180 = EDGE_CURVE ( 'NONE', #436, #1734, #1255, .T. ) ;
#181 = ORIENTED_EDGE ( 'NONE', *, *, #1240, .T. ) ;
#182 = CARTESIAN_POINT ( 'NONE',  ( 1.200000000000001510, 0.3999999999999993006, -3.349999999999999645 ) ) ;
#183 = EDGE_LOOP ( 'NONE', ( #1621, #1074, #1259, #648, #1138, #1195 ) ) ;
#184 = DIRECTION ( 'NONE',  ( 1.000000000000000000, 0.0000000000000000000, 0.0000000000000000000 ) ) ;
#185 = ORIENTED_EDGE ( 'NONE', *, *, #509, .T. ) ;
#186 = CARTESIAN_POINT ( 'NONE',  ( 1.602072594216366719, 0.1000000000000003803, -5.431161275615896677 ) ) ;
#187 = ADVANCED_FACE ( 'NONE', ( #123 ), #815, .F. ) ;
#188 = DIRECTION ( 'NONE',  ( -1.000000000000000000, -1.668003342285391551E-16, 0.0000000000000000000 ) ) ;
#189 = ORIENTED_EDGE ( 'NONE', *, *, #695, .F. ) ;
#190 = VECTOR ( 'NONE', #1297, 1000.000000000000000 ) ;
#191 = CARTESIAN_POINT ( 'NONE',  ( 2.850000000000000533, 5.000000000000000000, 3.450000000000000178 ) ) ;
#192 = LINE ( 'NONE', #1609, #1678 ) ;
#193 = EDGE_CURVE ( 'NONE', #1011, #1243, #1566, .T. ) ;
#194 = LINE ( 'NONE', #883, #1376 ) ;
#195 = VECTOR ( 'NONE', #1331, 1000.000000000000000 ) ;
#196 = AXIS2_PLACEMENT_3D ( 'NONE', #501, #642, #1735 ) ;
#197 = ADVANCED_FACE ( 'NONE', ( #1523 ), #605, .F. ) ;
#198 = LINE ( 'NONE', #132, #149 ) ;
#199 = CARTESIAN_POINT ( 'NONE',  ( -1.199999999999998401, 0.4499999999999994560, 3.799999999999999378 ) ) ;
#200 = ORIENTED_EDGE ( 'NONE', *, *, #506, .F. ) ;
#201 = DIRECTION ( 'NONE',  ( -0.0000000000000000000, -1.000000000000000000, 0.0000000000000000000 ) ) ;
#202 = ORIENTED_EDGE ( 'NONE', *, *, #992, .T. ) ;
#203 = DIRECTION ( 'NONE',  ( 1.000000000000000000, 0.0000000000000000000, 1.445602896647340149E-16 ) ) ;
#204 = ORIENTED_EDGE ( 'NONE', *, *, #1047, .T. ) ;
#205 = AXIS2_PLACEMENT_3D ( 'NONE', #1490, #118, #959 ) ;
#206 = VERTEX_POINT ( 'NONE', #199 ) ;
#207 = ORIENTED_EDGE ( 'NONE', *, *, #52, .T. ) ;
#208 = AXIS2_PLACEMENT_3D ( 'NONE', #68, #220, #623 ) ;
#209 = CARTESIAN_POINT ( 'NONE',  ( 1.425000000000000044, 4.899999999999999467, 1.475000000000000311 ) ) ;
#210 = LINE ( 'NONE', #1714, #1601 ) ;
#211 = CARTESIAN_POINT ( 'NONE',  ( -3.350000000000000089, 5.000000000000000000, 3.450000000000000178 ) ) ;
#212 = FACE_OUTER_BOUND ( 'NONE', #126, .T. ) ;
#213 = CIRCLE ( 'NONE', #1029, 0.05000000000000012768 ) ;
#214 = DIRECTION ( 'NONE',  ( 0.0000000000000000000, -0.0000000000000000000, -1.000000000000000000 ) ) ;
#215 = EDGE_CURVE ( 'NONE', #1558, #133, #1608, .T. ) ;
#216 = VERTEX_POINT ( 'NONE', #725 ) ;
#217 = DIRECTION ( 'NONE',  ( -1.000000000000000000, 0.0000000000000000000, -0.0000000000000000000 ) ) ;
#218 = CARTESIAN_POINT ( 'NONE',  ( 1.200000000000001510, 0.4499999999999994560, -3.399999999999999467 ) ) ;
#219 = EDGE_LOOP ( 'NONE', ( #994, #1141, #1226, #777 ) ) ;
#220 = DIRECTION ( 'NONE',  ( -0.0000000000000000000, -1.000000000000000000, -1.213918724979067768E-16 ) ) ;
#221 = VERTEX_POINT ( 'NONE', #1549 ) ;
#222 = EDGE_CURVE ( 'NONE', #1471, #519, #1401, .T. ) ;
#223 = DIRECTION ( 'NONE',  ( 0.0000000000000000000, 2.551063935260011477E-16, -1.000000000000000000 ) ) ;
#224 = VERTEX_POINT ( 'NONE', #1392 ) ;
#225 = EDGE_LOOP ( 'NONE', ( #1263, #154, #304, #1333, #684, #1451, #468, #1646 ) ) ;
#226 = VERTEX_POINT ( 'NONE', #172 ) ;
#227 = DIRECTION ( 'NONE',  ( -0.0000000000000000000, -1.000000000000000000, -0.0000000000000000000 ) ) ;
#228 = CARTESIAN_POINT ( 'NONE',  ( -1.199999999999998401, 0.0000000000000000000, 3.799999999999999378 ) ) ;
#229 = VECTOR ( 'NONE', #1006, 1000.000000000000000 ) ;
#230 = DIRECTION ( 'NONE',  ( 0.0000000000000000000, 1.000000000000000000, 0.0000000000000000000 ) ) ;
#231 = UNCERTAINTY_MEASURE_WITH_UNIT (LENGTH_MEASURE( 1.000000000000000082E-05 ), #1239, 'distance_accuracy_value', 'NONE');
#232 = VECTOR ( 'NONE', #1293, 1000.000000000000000 ) ;
#233 = CARTESIAN_POINT ( 'NONE',  ( 0.0000000000000000000, 0.0000000000000000000, 0.0000000000000000000 ) ) ;
#234 = LINE ( 'NONE', #364, #1681 ) ;
#235 = CARTESIAN_POINT ( 'NONE',  ( 0.0000000000000000000, 0.4000000000000000222, 0.0000000000000000000 ) ) ;
#236 = PLANE ( 'NONE',  #744 ) ;
#237 = LINE ( 'NONE', #1360, #1174 ) ;
#238 = AXIS2_PLACEMENT_3D ( 'NONE', #292, #1641, #824 ) ;
#239 = ORIENTED_EDGE ( 'NONE', *, *, #1487, .F. ) ;
#240 = ORIENTED_EDGE ( 'NONE', *, *, #1473, .T. ) ;
#241 = CARTESIAN_POINT ( 'NONE',  ( 1.200000000000001510, 0.4499999999999994560, -3.349999999999999201 ) ) ;
#242 = AXIS2_PLACEMENT_3D ( 'NONE', #565, #426, #1615 ) ;
#243 = DIRECTION ( 'NONE',  ( -0.0000000000000000000, 1.000000000000000000, -0.0000000000000000000 ) ) ;
#244 = DIRECTION ( 'NONE',  ( 1.000000000000000000, -0.0000000000000000000, 0.0000000000000000000 ) ) ;
#245 = ORIENTED_EDGE ( 'NONE', *, *, #1151, .F. ) ;
#246 = ORIENTED_EDGE ( 'NONE', *, *, #1379, .T. ) ;
#247 = CARTESIAN_POINT ( 'NONE',  ( 1.200000000000001066, 5.000000000000000000, -3.399999999999999467 ) ) ;
#248 = CARTESIAN_POINT ( 'NONE',  ( -2.850000000000000089, 5.000000000000000000, 2.950000000000000178 ) ) ;
#249 = ORIENTED_EDGE ( 'NONE', *, *, #1630, .F. ) ;
#250 = EDGE_CURVE ( 'NONE', #477, #133, #732, .T. ) ;
#251 = PLANE ( 'NONE',  #404 ) ;
#252 = ORIENTED_EDGE ( 'NONE', *, *, #400, .T. ) ;
#253 = AXIS2_PLACEMENT_3D ( 'NONE', #235, #99, #370 ) ;
#254 = VECTOR ( 'NONE', #507, 1000.000000000000000 ) ;
#255 = CARTESIAN_POINT ( 'NONE',  ( 2.350000000000000977, 5.000000000000000000, -3.450000000000000178 ) ) ;
#256 = FACE_OUTER_BOUND ( 'NONE', #1037, .T. ) ;
#257 = CARTESIAN_POINT ( 'NONE',  ( -1.399999999999998579, 0.4499999999999993450, -5.431161275615896677 ) ) ;
#258 = DIRECTION ( 'NONE',  ( 0.0000000000000000000, 0.0000000000000000000, 1.000000000000000000 ) ) ;
#259 = CYLINDRICAL_SURFACE ( 'NONE', #647, 0.3500000000000000333 ) ;
#260 = CARTESIAN_POINT ( 'NONE',  ( 1.200000000000001510, 0.0000000000000000000, 2.299999999999999822 ) ) ;
#261 = EDGE_CURVE ( 'NONE', #51, #1283, #795, .T. ) ;
#262 = CARTESIAN_POINT ( 'NONE',  ( 2.850000000000000089, 5.000000000000000000, 2.950000000000000622 ) ) ;
#263 = LINE ( 'NONE', #18, #1567 ) ;
#264 = CARTESIAN_POINT ( 'NONE',  ( 1.200000000000001510, 0.4000000000000000222, -2.299999999999999822 ) ) ;
#265 = AXIS2_PLACEMENT_3D ( 'NONE', #702, #1100, #1114 ) ;
#266 = AXIS2_PLACEMENT_3D ( 'NONE', #940, #1118, #983 ) ;
#267 = DIRECTION ( 'NONE',  ( 0.0000000000000000000, 0.0000000000000000000, -1.000000000000000000 ) ) ;
#268 = ORIENTED_EDGE ( 'NONE', *, *, #1170, .T. ) ;
#269 = EDGE_LOOP ( 'NONE', ( #1301, #65, #557, #1185 ) ) ;
#270 = ORIENTED_EDGE ( 'NONE', *, *, #788, .F. ) ;
#271 = CARTESIAN_POINT ( 'NONE',  ( 1.425000000000000044, 4.899999999999999467, 1.825000000000000400 ) ) ;
#272 = EDGE_CURVE ( 'NONE', #1471, #1281, #355, .T. ) ;
#273 = DIRECTION ( 'NONE',  ( 0.0000000000000000000, 0.0000000000000000000, 1.000000000000000000 ) ) ;
#274 = FACE_OUTER_BOUND ( 'NONE', #1363, .T. ) ;
#275 = LINE ( 'NONE', #1458, #920 ) ;
#276 = PLANE ( 'NONE',  #238 ) ;
#277 = CARTESIAN_POINT ( 'NONE',  ( 1.399999999999999245, 0.4499999999999996780, -5.431161275615896677 ) ) ;
#278 = VECTOR ( 'NONE', #1397, 1000.000000000000000 ) ;
#279 = DIRECTION ( 'NONE',  ( 0.0000000000000000000, 1.000000000000000000, 0.0000000000000000000 ) ) ;
#280 = CARTESIAN_POINT ( 'NONE',  ( 1.200000000000001510, 0.4000000000000000222, 2.299999999999999822 ) ) ;
#281 = FACE_OUTER_BOUND ( 'NONE', #225, .T. ) ;
#282 = FACE_OUTER_BOUND ( 'NONE', #603, .T. ) ;
#283 = ORIENTED_EDGE ( 'NONE', *, *, #1026, .F. ) ;
#284 = DIRECTION ( 'NONE',  ( 0.0000000000000000000, 0.0000000000000000000, -1.000000000000000000 ) ) ;
#285 = EDGE_CURVE ( 'NONE', #608, #1453, #1730, .T. ) ;
#286 = CARTESIAN_POINT ( 'NONE',  ( 1.200000000000001510, -7.047314121155778821E-16, 3.350000000000003197 ) ) ;
#287 = UNCERTAINTY_MEASURE_WITH_UNIT (LENGTH_MEASURE( 1.000000000000000082E-05 ), #1420, 'distance_accuracy_value', 'NONE');
#288 = EDGE_LOOP ( 'NONE', ( #1163, #1470, #1410, #1268 ) ) ;
#289 = ORIENTED_EDGE ( 'NONE', *, *, #354, .F. ) ;
#290 = CARTESIAN_POINT ( 'NONE',  ( -2.850000000000000089, 0.09999999999999999167, 3.450000000000000178 ) ) ;
#291 = VERTEX_POINT ( 'NONE', #453 ) ;
#292 = CARTESIAN_POINT ( 'NONE',  ( -3.350000000000000089, 5.000000000000000000, 3.450000000000000178 ) ) ;
#293 = ADVANCED_FACE ( 'NONE', ( #1061 ), #78, .T. ) ;
#294 =( NAMED_UNIT ( * ) SI_UNIT ( $, .STERADIAN. ) SOLID_ANGLE_UNIT ( ) );
#295 = VECTOR ( 'NONE', #1088, 1000.000000000000000 ) ;
#296 = AXIS2_PLACEMENT_3D ( 'NONE', #689, #946, #1634 ) ;
#297 = COLOUR_RGB ( '',1.000000000000000000, 1.000000000000000000, 1.000000000000000000 ) ;
#298 = LINE ( 'NONE', #1679, #1442 ) ;
#299 = AXIS2_PLACEMENT_3D ( 'NONE', #1595, #98, #1062 ) ;
#300 = VECTOR ( 'NONE', #904, 1000.000000000000000 ) ;
#301 = PLANE ( 'NONE',  #265 ) ;
#302 = ADVANCED_FACE ( 'NONE', ( #1354 ), #1127, .T. ) ;
#303 = VERTEX_POINT ( 'NONE', #1135 ) ;
#304 = ORIENTED_EDGE ( 'NONE', *, *, #1136, .F. ) ;
#305 = DIRECTION ( 'NONE',  ( 0.4472135954999563734, 0.7745966692414849586, -0.4472135954999567065 ) ) ;
#306 = ORIENTED_EDGE ( 'NONE', *, *, #1504, .F. ) ;
#307 = ADVANCED_FACE ( 'NONE', ( #1465 ), #323, .T. ) ;
#308 = VERTEX_POINT ( 'NONE', #1545 ) ;
#309 = DIRECTION ( 'NONE',  ( -0.8660254037844399289, -0.4999999999999979461, 0.0000000000000000000 ) ) ;
#310 = ORIENTED_EDGE ( 'NONE', *, *, #390, .T. ) ;
#311 = CARTESIAN_POINT ( 'NONE',  ( 7.228014483236697048E-17, 0.0000000000000000000, 3.799999999999999378 ) ) ;
#312 = EDGE_CURVE ( 'NONE', #1358, #1737, #171, .T. ) ;
#313 = VECTOR ( 'NONE', #523, 1000.000000000000000 ) ;
#314 = AXIS2_PLACEMENT_3D ( 'NONE', #331, #1711, #494 ) ;
#315 = FACE_OUTER_BOUND ( 'NONE', #1509, .T. ) ;
#316 = ADVANCED_FACE ( 'NONE', ( #812 ), #55, .T. ) ;
#317 = VECTOR ( 'NONE', #1553, 1000.000000000000000 ) ;
#318 = DIRECTION ( 'NONE',  ( -1.000000000000000000, 0.0000000000000000000, -0.0000000000000000000 ) ) ;
#319 = DIRECTION ( 'NONE',  ( -1.000000000000000000, -0.0000000000000000000, -0.0000000000000000000 ) ) ;
#320 = ORIENTED_EDGE ( 'NONE', *, *, #475, .F. ) ;
#321 = PLANE ( 'NONE',  #107 ) ;
#322 = EDGE_CURVE ( 'NONE', #1389, #761, #1444, .T. ) ;
#323 = PLANE ( 'NONE',  #1477 ) ;
#324 = ORIENTED_EDGE ( 'NONE', *, *, #215, .F. ) ;
#325 = ADVANCED_FACE ( 'NONE', ( #641 ), #71, .F. ) ;
#326 = EDGE_LOOP ( 'NONE', ( #495, #1317, #827, #740 ) ) ;
#327 = AXIS2_PLACEMENT_3D ( 'NONE', #706, #1237, #1656 ) ;
#328 = CARTESIAN_POINT ( 'NONE',  ( 1.200000000000001510, -7.047314121155778821E-16, 3.350000000000003197 ) ) ;
#329 = ORIENTED_EDGE ( 'NONE', *, *, #981, .T. ) ;
#330 = AXIS2_PLACEMENT_3D ( 'NONE', #211, #767, #217 ) ;
#331 = CARTESIAN_POINT ( 'NONE',  ( 0.0000000000000000000, 5.000000000000000000, 0.0000000000000000000 ) ) ;
#332 = ORIENTED_EDGE ( 'NONE', *, *, #968, .T. ) ;
#333 = ORIENTED_EDGE ( 'NONE', *, *, #180, .F. ) ;
#334 = CIRCLE ( 'NONE', #1661, 0.05000000000000012768 ) ;
#335 = VECTOR ( 'NONE', #305, 1000.000000000000114 ) ;
#336 = DIRECTION ( 'NONE',  ( -1.000000000000000000, 0.0000000000000000000, 0.0000000000000000000 ) ) ;
#337 = EDGE_CURVE ( 'NONE', #1386, #864, #682, .T. ) ;
#338 = VECTOR ( 'NONE', #1159, 1000.000000000000000 ) ;
#339 = CYLINDRICAL_SURFACE ( 'NONE', #659, 0.3500000000000000333 ) ;
#340 = DIRECTION ( 'NONE',  ( 1.445602896647340149E-16, 0.0000000000000000000, 1.000000000000000000 ) ) ;
#341 = VECTOR ( 'NONE', #1441, 1000.000000000000114 ) ;
#342 = CARTESIAN_POINT ( 'NONE',  ( 1.399999999999998801, 0.4499999999999990119, 3.450000000000000178 ) ) ;
#343 = EDGE_CURVE ( 'NONE', #492, #1664, #710, .T. ) ;
#344 = DIRECTION ( 'NONE',  ( 0.0000000000000000000, -1.000000000000000000, 0.0000000000000000000 ) ) ;
#345 = ORIENTED_EDGE ( 'NONE', *, *, #665, .F. ) ;
#346 = ORIENTED_EDGE ( 'NONE', *, *, #1773, .F. ) ;
#347 = ORIENTED_EDGE ( 'NONE', *, *, #1342, .F. ) ;
#348 = CARTESIAN_POINT ( 'NONE',  ( -1.199999999999998401, 0.4000000000000000222, -3.399999999999999467 ) ) ;
#349 = ORIENTED_EDGE ( 'NONE', *, *, #1406, .F. ) ;
#350 = VECTOR ( 'NONE', #106, 1000.000000000000000 ) ;
#351 = CARTESIAN_POINT ( 'NONE',  ( -1.199999999999998401, -8.673617379884035472E-16, 3.399999999999999467 ) ) ;
#352 = CIRCLE ( 'NONE', #835, 0.3500000000000000333 ) ;
#353 = DIRECTION ( 'NONE',  ( -0.0000000000000000000, -1.000000000000000000, -0.0000000000000000000 ) ) ;
#354 = EDGE_CURVE ( 'NONE', #1073, #224, #1045, .T. ) ;
#355 = LINE ( 'NONE', #1004, #661 ) ;
#356 = FACE_OUTER_BOUND ( 'NONE', #183, .T. ) ;
#357 = CARTESIAN_POINT ( 'NONE',  ( 1.200000000000001066, 0.4499999999999993450, 3.450000000000000178 ) ) ;
#358 = CARTESIAN_POINT ( 'NONE',  ( -1.199999999999998401, 4.299999999999999822, 3.799999999999999378 ) ) ;
#359 = ORIENTED_EDGE ( 'NONE', *, *, #1536, .F. ) ;
#360 = ORIENTED_EDGE ( 'NONE', *, *, #1631, .F. ) ;
#361 = ORIENTED_EDGE ( 'NONE', *, *, #462, .F. ) ;
#362 = CARTESIAN_POINT ( 'NONE',  ( 1.200000000000001066, 5.000000000000000000, -3.399999999999999467 ) ) ;
#363 = EDGE_CURVE ( 'NONE', #303, #1283, #399, .T. ) ;
#364 = CARTESIAN_POINT ( 'NONE',  ( -1.199999999999998401, 0.4499999999999994560, 3.399999999999999467 ) ) ;
#365 = EDGE_LOOP ( 'NONE', ( #448, #631, #474, #887 ) ) ;
#366 = ORIENTED_EDGE ( 'NONE', *, *, #1007, .F. ) ;
#367 =( GEOMETRIC_REPRESENTATION_CONTEXT ( 3 ) GLOBAL_UNCERTAINTY_ASSIGNED_CONTEXT ( ( #1355 ) ) GLOBAL_UNIT_ASSIGNED_CONTEXT ( ( #130, #687, #1632 ) ) REPRESENTATION_CONTEXT ( 'NONE', 'WORKASPACE' ) );
#368 = ORIENTED_EDGE ( 'NONE', *, *, #1055, .F. ) ;
#369 = FILL_AREA_STYLE ('',( #938 ) ) ;
#370 = DIRECTION ( 'NONE',  ( 0.0000000000000000000, -0.0000000000000000000, -1.000000000000000000 ) ) ;
#371 = LINE ( 'NONE', #944, #1228 ) ;
#372 = PRODUCT_DEFINITION ( 'UNKNOWN', '', #1531, #746 ) ;
#373 = DIRECTION ( 'NONE',  ( 0.0000000000000000000, 0.0000000000000000000, 1.000000000000000000 ) ) ;
#374 = VECTOR ( 'NONE', #1266, 1000.000000000000000 ) ;
#375 = VECTOR ( 'NONE', #155, 1000.000000000000000 ) ;
#376 = EDGE_CURVE ( 'NONE', #221, #477, #752, .T. ) ;
#377 = LINE ( 'NONE', #264, #1234 ) ;
#378 = DIRECTION ( 'NONE',  ( 0.0000000000000000000, -0.0000000000000000000, 1.000000000000000000 ) ) ;
#379 = DIRECTION ( 'NONE',  ( 1.000000000000000000, 0.0000000000000000000, -0.0000000000000000000 ) ) ;
#380 = LINE ( 'NONE', #1171, #341 ) ;
#381 = CARTESIAN_POINT ( 'NONE',  ( 1.425000000000000044, 4.899999999999999467, 1.825000000000000400 ) ) ;
#382 = DIRECTION ( 'NONE',  ( 1.000000000000000000, 0.0000000000000000000, 0.0000000000000000000 ) ) ;
#383 = AXIS2_PLACEMENT_3D ( 'NONE', #1423, #1691, #1557 ) ;
#384 = DIRECTION ( 'NONE',  ( 0.0000000000000000000, -1.000000000000000000, -0.0000000000000000000 ) ) ;
#385 = PLANE ( 'NONE',  #496 ) ;
#386 = VERTEX_POINT ( 'NONE', #218 ) ;
#387 = ORIENTED_EDGE ( 'NONE', *, *, #1036, .T. ) ;
#388 = CARTESIAN_POINT ( 'NONE',  ( -1.199999999999998401, 4.299999999999999822, -3.399999999999999467 ) ) ;
#389 = EDGE_LOOP ( 'NONE', ( #359, #1182, #1528, #532 ) ) ;
#390 = EDGE_CURVE ( 'NONE', #430, #519, #1658, .T. ) ;
#391 = DIRECTION ( 'NONE',  ( -1.000000000000000000, -0.0000000000000000000, -0.0000000000000000000 ) ) ;
#392 = ORIENTED_EDGE ( 'NONE', *, *, #785, .F. ) ;
#393 = CARTESIAN_POINT ( 'NONE',  ( -1.199999999999998401, 4.299999999999999822, -3.799999999999999378 ) ) ;
#394 = VECTOR ( 'NONE', #1579, 1000.000000000000000 ) ;
#395 = CARTESIAN_POINT ( 'NONE',  ( 1.425000000000000044, 4.899999999999999467, 1.125000000000000444 ) ) ;
#396 = LINE ( 'NONE', #1132, #954 ) ;
#397 = CARTESIAN_POINT ( 'NONE',  ( 0.0000000000000000000, 5.000000000000000000, 0.0000000000000000000 ) ) ;
#398 = VECTOR ( 'NONE', #579, 1000.000000000000000 ) ;
#399 = LINE ( 'NONE', #1034, #1505 ) ;
#400 = EDGE_CURVE ( 'NONE', #224, #1674, #380, .T. ) ;
#401 = FACE_OUTER_BOUND ( 'NONE', #1262, .T. ) ;
#402 = CARTESIAN_POINT ( 'NONE',  ( -1.199999999999998401, 5.000000000000000000, -3.399999999999999467 ) ) ;
#403 = ORIENTED_EDGE ( 'NONE', *, *, #678, .F. ) ;
#404 = AXIS2_PLACEMENT_3D ( 'NONE', #1199, #379, #1325 ) ;
#405 = CARTESIAN_POINT ( 'NONE',  ( -1.199999999999998401, 0.4500000000000002331, -3.799999999999999378 ) ) ;
#406 = ORIENTED_EDGE ( 'NONE', *, *, #1090, .F. ) ;
#407 = CARTESIAN_POINT ( 'NONE',  ( -3.350000000000000089, 0.4499999999999993450, 3.799999999999999378 ) ) ;
#408 = ORIENTED_EDGE ( 'NONE', *, *, #1085, .F. ) ;
#409 = DIRECTION ( 'NONE',  ( -0.0000000000000000000, -1.000000000000000000, -0.0000000000000000000 ) ) ;
#410 = DIRECTION ( 'NONE',  ( 0.0000000000000000000, 0.0000000000000000000, 1.000000000000000000 ) ) ;
#411 = ORIENTED_EDGE ( 'NONE', *, *, #139, .T. ) ;
#412 = ORIENTED_EDGE ( 'NONE', *, *, #1236, .T. ) ;
#413 = CARTESIAN_POINT ( 'NONE',  ( -1.199999999999998401, 4.299999999999999822, 3.399999999999999467 ) ) ;
#414 = VERTEX_POINT ( 'NONE', #342 ) ;
#415 = FILL_AREA_STYLE ('',( #964 ) ) ;
#416 = LINE ( 'NONE', #1181, #1122 ) ;
#417 = SURFACE_STYLE_FILL_AREA ( #369 ) ;
#418 = AXIS2_PLACEMENT_3D ( 'NONE', #1013, #616, #1008 ) ;
#419 = CARTESIAN_POINT ( 'NONE',  ( 7.228014483236697048E-17, 0.0000000000000000000, 3.399999999999999467 ) ) ;
#420 = CARTESIAN_POINT ( 'NONE',  ( 1.200000000000001510, 0.3999999999999993006, 3.349999999999999645 ) ) ;
#421 = VECTOR ( 'NONE', #201, 1000.000000000000000 ) ;
#422 = VECTOR ( 'NONE', #1582, 1000.000000000000000 ) ;
#423 = ADVANCED_FACE ( 'NONE', ( #1082 ), #488, .F. ) ;
#424 = FACE_OUTER_BOUND ( 'NONE', #988, .T. ) ;
#425 = VERTEX_POINT ( 'NONE', #611 ) ;
#426 = DIRECTION ( 'NONE',  ( 1.000000000000000000, 0.0000000000000000000, 0.0000000000000000000 ) ) ;
#427 = EDGE_CURVE ( 'NONE', #1133, #1011, #1106, .T. ) ;
#428 = AXIS2_PLACEMENT_3D ( 'NONE', #1307, #1175, #487 ) ;
#429 = EDGE_LOOP ( 'NONE', ( #105, #332, #1754, #759 ) ) ;
#430 = VERTEX_POINT ( 'NONE', #1284 ) ;
#431 = DIRECTION ( 'NONE',  ( 1.000000000000000000, 0.0000000000000000000, 0.0000000000000000000 ) ) ;
#432 = ADVANCED_FACE ( 'NONE', ( #1332 ), #1021, .F. ) ;
#433 = CARTESIAN_POINT ( 'NONE',  ( 1.425000000000000044, 4.899999999999999467, 1.825000000000000400 ) ) ;
#434 = ORIENTED_EDGE ( 'NONE', *, *, #1170, .F. ) ;
#435 = CLOSED_SHELL ( 'NONE', ( #166, #841, #1001, #1543, #972, #1412, #8, #1684, #1121, #19, #558, #458, #859, #866, #1245, #176, #878, #717, #432, #568, #1673, #707, #1394, #293, #1261, #1532, #1140, #1253, #449 ) ) ;
#436 = VERTEX_POINT ( 'NONE', #776 ) ;
#437 = CARTESIAN_POINT ( 'NONE',  ( 1.200000000000001066, 4.299999999999999822, -3.799999999999999378 ) ) ;
#438 = AXIS2_PLACEMENT_3D ( 'NONE', #170, #995, #711 ) ;
#439 = VECTOR ( 'NONE', #12, 1000.000000000000000 ) ;
#440 = CARTESIAN_POINT ( 'NONE',  ( -1.199999999999998401, 0.3999999999999993006, -3.349999999999999645 ) ) ;
#441 = ADVANCED_FACE ( 'NONE', ( #1378 ), #1377, .F. ) ;
#442 = LINE ( 'NONE', #896, #1188 ) ;
#443 = VECTOR ( 'NONE', #1741, 1000.000000000000000 ) ;
#444 = FILL_AREA_STYLE_COLOUR ( '', #297 ) ;
#445 = VECTOR ( 'NONE', #1404, 1000.000000000000000 ) ;
#446 = DIRECTION ( 'NONE',  ( 0.0000000000000000000, -1.213918724979067768E-16, 1.000000000000000000 ) ) ;
#447 = CARTESIAN_POINT ( 'NONE',  ( 1.200000000000001510, 0.4499999999999994560, -3.349999999999999201 ) ) ;
#448 = ORIENTED_EDGE ( 'NONE', *, *, #968, .F. ) ;
#449 = ADVANCED_FACE ( 'NONE', ( #620 ), #1027, .T. ) ;
#450 = ORIENTED_EDGE ( 'NONE', *, *, #471, .T. ) ;
#451 = DIRECTION ( 'NONE',  ( 0.4472135954999563734, -0.7745966692414849586, 0.4472135954999567065 ) ) ;
#452 = EDGE_LOOP ( 'NONE', ( #1526, #310, #1050, #541, #1512, #1686 ) ) ;
#453 = CARTESIAN_POINT ( 'NONE',  ( -3.350000000000000089, 0.1000000000000005745, -2.950000000000000178 ) ) ;
#454 = ORIENTED_EDGE ( 'NONE', *, *, #142, .F. ) ;
#455 = DIRECTION ( 'NONE',  ( 0.0000000000000000000, 0.0000000000000000000, -1.000000000000000000 ) ) ;
#456 = ORIENTED_EDGE ( 'NONE', *, *, #1487, .T. ) ;
#457 = CARTESIAN_POINT ( 'NONE',  ( 0.4500000000000063949, 2.095448267190430425, -3.049999999999994493 ) ) ;
#458 = ADVANCED_FACE ( 'NONE', ( #1277 ), #803, .F. ) ;
#459 = ORIENTED_EDGE ( 'NONE', *, *, #678, .T. ) ;
#460 = DIRECTION ( 'NONE',  ( 0.0000000000000000000, 0.0000000000000000000, 1.000000000000000000 ) ) ;
#461 = VECTOR ( 'NONE', #1046, 1000.000000000000000 ) ;
#462 = EDGE_CURVE ( 'NONE', #535, #1343, #961, .T. ) ;
#463 = VECTOR ( 'NONE', #1087, 1000.000000000000000 ) ;
#464 = AXIS2_PLACEMENT_3D ( 'NONE', #997, #1123, #885 ) ;
#465 = DIRECTION ( 'NONE',  ( -0.0000000000000000000, 0.0000000000000000000, 1.000000000000000000 ) ) ;
#466 = FACE_OUTER_BOUND ( 'NONE', #862, .T. ) ;
#467 = LINE ( 'NONE', #88, #77 ) ;
#468 = ORIENTED_EDGE ( 'NONE', *, *, #1308, .F. ) ;
#469 = ORIENTED_EDGE ( 'NONE', *, *, #193, .F. ) ;
#470 = DIRECTION ( 'NONE',  ( 1.000000000000000000, 0.0000000000000000000, 0.0000000000000000000 ) ) ;
#471 = EDGE_CURVE ( 'NONE', #690, #1218, #834, .T. ) ;
#472 = CARTESIAN_POINT ( 'NONE',  ( -1.199999999999998623, 0.4000000000000000222, -2.300000000000000266 ) ) ;
#473 = EDGE_LOOP ( 'NONE', ( #945, #715, #1093, #1053 ) ) ;
#474 = ORIENTED_EDGE ( 'NONE', *, *, #337, .F. ) ;
#475 = EDGE_CURVE ( 'NONE', #1117, #1738, #660, .T. ) ;
#476 = CARTESIAN_POINT ( 'NONE',  ( 1.425000000000000044, 4.899999999999999467, 1.475000000000000311 ) ) ;
#477 = VERTEX_POINT ( 'NONE', #81 ) ;
#478 = ORIENTED_EDGE ( 'NONE', *, *, #1064, .F. ) ;
#479 = ORIENTED_EDGE ( 'NONE', *, *, #1321, .T. ) ;
#480 = LINE ( 'NONE', #1336, #1287 ) ;
#481 = CIRCLE ( 'NONE', #521, 0.3500000000000000333 ) ;
#482 = EDGE_CURVE ( 'NONE', #965, #690, #120, .T. ) ;
#483 = VECTOR ( 'NONE', #504, 1000.000000000000000 ) ;
#484 = VECTOR ( 'NONE', #923, 1000.000000000000000 ) ;
#485 = DIRECTION ( 'NONE',  ( 1.807003620809173892E-16, 0.0000000000000000000, -1.000000000000000000 ) ) ;
#486 = VECTOR ( 'NONE', #810, 1000.000000000000114 ) ;
#487 = DIRECTION ( 'NONE',  ( 0.0000000000000000000, 0.0000000000000000000, 1.000000000000000000 ) ) ;
#488 = PLANE ( 'NONE',  #1346 ) ;
#489 = PRESENTATION_STYLE_ASSIGNMENT (( #822 ) ) ;
#490 = CARTESIAN_POINT ( 'NONE',  ( 1.200000000000001066, 5.000000000000000000, 3.450000000000000178 ) ) ;
#491 = CARTESIAN_POINT ( 'NONE',  ( -1.789999999999996039, -0.2254998149518626094, 1.710000000000002185 ) ) ;
#492 = VERTEX_POINT ( 'NONE', #1468 ) ;
#493 = EDGE_CURVE ( 'NONE', #1734, #1558, #1191, .T. ) ;
#494 = DIRECTION ( 'NONE',  ( 0.0000000000000000000, -0.0000000000000000000, 1.000000000000000000 ) ) ;
#495 = ORIENTED_EDGE ( 'NONE', *, *, #1616, .F. ) ;
#496 = AXIS2_PLACEMENT_3D ( 'NONE', #1763, #1488, #1364 ) ;
#497 = EDGE_LOOP ( 'NONE', ( #1640, #816, #23, #173 ) ) ;
#498 = DIRECTION ( 'NONE',  ( -0.7071067811865460184, 0.0000000000000000000, -0.7071067811865490160 ) ) ;
#499 = ORIENTED_EDGE ( 'NONE', *, *, #709, .F. ) ;
#500 = AXIS2_PLACEMENT_3D ( 'NONE', #397, #279, #378 ) ;
#501 = CARTESIAN_POINT ( 'NONE',  ( 1.425000000000000044, 5.000000000000000000, 1.475000000000000311 ) ) ;
#502 = ORIENTED_EDGE ( 'NONE', *, *, #285, .T. ) ;
#503 = LINE ( 'NONE', #1069, #1516 ) ;
#504 = DIRECTION ( 'NONE',  ( -1.668003342285391551E-16, 1.000000000000000000, 0.0000000000000000000 ) ) ;
#505 = FACE_OUTER_BOUND ( 'NONE', #973, .T. ) ;
#506 = EDGE_CURVE ( 'NONE', #386, #869, #1060, .T. ) ;
#507 = DIRECTION ( 'NONE',  ( -0.0000000000000000000, 1.000000000000000000, -0.0000000000000000000 ) ) ;
#508 = VECTOR ( 'NONE', #7, 1000.000000000000000 ) ;
#509 = EDGE_CURVE ( 'NONE', #1285, #425, #60, .T. ) ;
#510 = CIRCLE ( 'NONE', #1113, 0.05000000000000012768 ) ;
#511 = ORIENTED_EDGE ( 'NONE', *, *, #695, .T. ) ;
#512 = CARTESIAN_POINT ( 'NONE',  ( 1.200000000000001066, 5.000000000000000000, 3.799999999999999378 ) ) ;
#513 = DIRECTION ( 'NONE',  ( -1.000000000000000000, -0.0000000000000000000, -0.0000000000000000000 ) ) ;
#514 = DIRECTION ( 'NONE',  ( -0.4999999999999978906, -0.8660254037844398178, 0.0000000000000000000 ) ) ;
#515 = ORIENTED_EDGE ( 'NONE', *, *, #128, .T. ) ;
#516 = CARTESIAN_POINT ( 'NONE',  ( 1.425000000000000044, 5.000000000000000000, 1.475000000000000311 ) ) ;
#517 =( NAMED_UNIT ( * ) SI_UNIT ( $, .STERADIAN. ) SOLID_ANGLE_UNIT ( ) );
#518 = EDGE_CURVE ( 'NONE', #918, #739, #1152, .T. ) ;
#519 = VERTEX_POINT ( 'NONE', #1310 ) ;
#520 = ORIENTED_EDGE ( 'NONE', *, *, #1431, .F. ) ;
#521 = AXIS2_PLACEMENT_3D ( 'NONE', #953, #127, #1231 ) ;
#522 = ORIENTED_EDGE ( 'NONE', *, *, #1193, .F. ) ;
#523 = DIRECTION ( 'NONE',  ( 0.0000000000000000000, 0.0000000000000000000, -1.000000000000000000 ) ) ;
#524 = FACE_OUTER_BOUND ( 'NONE', #838, .T. ) ;
#525 = DIRECTION ( 'NONE',  ( -1.000000000000000000, 0.0000000000000000000, 0.0000000000000000000 ) ) ;
#526 = LINE ( 'NONE', #1249, #1270 ) ;
#527 = VECTOR ( 'NONE', #498, 1000.000000000000114 ) ;
#528 = LINE ( 'NONE', #21, #984 ) ;
#529 = CARTESIAN_POINT ( 'NONE',  ( -1.602072594216366053, 0.09999999999999999167, -5.431161275615896677 ) ) ;
#530 = CARTESIAN_POINT ( 'NONE',  ( -3.350000000000000089, 0.09999999999999999167, 1.897927405783632393 ) ) ;
#531 = AXIS2_PLACEMENT_3D ( 'NONE', #1606, #1613, #951 ) ;
#532 = ORIENTED_EDGE ( 'NONE', *, *, #1559, .T. ) ;
#533 = DIRECTION ( 'NONE',  ( 0.0000000000000000000, 1.000000000000000000, 0.0000000000000000000 ) ) ;
#534 = APPLICATION_CONTEXT ( 'automotive_design' ) ;
#535 = VERTEX_POINT ( 'NONE', #787 ) ;
#536 = DIRECTION ( 'NONE',  ( 1.000000000000000000, 0.0000000000000000000, 0.0000000000000000000 ) ) ;
#537 = ORIENTED_EDGE ( 'NONE', *, *, #152, .F. ) ;
#538 = ORIENTED_EDGE ( 'NONE', *, *, #1180, .T. ) ;
#539 = CARTESIAN_POINT ( 'NONE',  ( 2.850000000000000533, 5.000000000000000000, 3.450000000000000178 ) ) ;
#540 = CARTESIAN_POINT ( 'NONE',  ( -1.399999999999998579, 0.4499999999999993450, 3.450000000000000178 ) ) ;
#541 = ORIENTED_EDGE ( 'NONE', *, *, #1452, .T. ) ;
#542 = EDGE_CURVE ( 'NONE', #722, #608, #856, .T. ) ;
#543 = PLANE ( 'NONE',  #1207 ) ;
#544 = ORIENTED_EDGE ( 'NONE', *, *, #1099, .F. ) ;
#545 = ORIENTED_EDGE ( 'NONE', *, *, #1682, .F. ) ;
#546 = CARTESIAN_POINT ( 'NONE',  ( -1.199999999999998401, 5.000000000000000000, -3.399999999999999467 ) ) ;
#547 = VECTOR ( 'NONE', #1721, 1000.000000000000000 ) ;
#548 = FACE_OUTER_BOUND ( 'NONE', #497, .T. ) ;
#549 = CARTESIAN_POINT ( 'NONE',  ( -3.350000000000000089, 5.000000000000000000, 2.950000000000000622 ) ) ;
#550 = LINE ( 'NONE', #573, #508 ) ;
#551 = VECTOR ( 'NONE', #536, 1000.000000000000000 ) ;
#552 = PLANE ( 'NONE',  #857 ) ;
#553 = DIRECTION ( 'NONE',  ( 0.0000000000000000000, -1.000000000000000000, 0.0000000000000000000 ) ) ;
#554 = EDGE_CURVE ( 'NONE', #918, #633, #467, .T. ) ;
#555 = FACE_OUTER_BOUND ( 'NONE', #1206, .T. ) ;
#556 = CARTESIAN_POINT ( 'NONE',  ( 3.350000000000000089, 5.000000000000000000, 2.950000000000000622 ) ) ;
#557 = ORIENTED_EDGE ( 'NONE', *, *, #1452, .F. ) ;
#558 = ADVANCED_FACE ( 'NONE', ( #1329 ), #236, .F. ) ;
#559 = DIRECTION ( 'NONE',  ( -1.000000000000000000, 0.0000000000000000000, -0.0000000000000000000 ) ) ;
#560 = MECHANICAL_DESIGN_GEOMETRIC_PRESENTATION_REPRESENTATION (  '', ( #1105 ), #1624 ) ;
#561 = ORIENTED_EDGE ( 'NONE', *, *, #1258, .T. ) ;
#562 = ORIENTED_EDGE ( 'NONE', *, *, #1406, .T. ) ;
#563 = EDGE_CURVE ( 'NONE', #22, #51, #234, .T. ) ;
#564 = ORIENTED_EDGE ( 'NONE', *, *, #1461, .F. ) ;
#565 = CARTESIAN_POINT ( 'NONE',  ( -1.199999999999998401, 0.4499999999999994560, -3.349999999999999201 ) ) ;
#566 = ORIENTED_EDGE ( 'NONE', *, *, #343, .T. ) ;
#567 = DIRECTION ( 'NONE',  ( -0.0000000000000000000, 0.0000000000000000000, 1.000000000000000000 ) ) ;
#568 = ADVANCED_FACE ( 'NONE', ( #1292 ), #109, .T. ) ;
#569 = VECTOR ( 'NONE', #721, 1000.000000000000000 ) ;
#570 = AXIS2_PLACEMENT_3D ( 'NONE', #685, #134, #826 ) ;
#571 = DIRECTION ( 'NONE',  ( 1.445602896647340149E-16, 0.0000000000000000000, -1.000000000000000000 ) ) ;
#572 = LINE ( 'NONE', #490, #94 ) ;
#573 = CARTESIAN_POINT ( 'NONE',  ( -3.350000000000000089, 0.4499999999999990119, 3.450000000000000178 ) ) ;
#574 = VECTOR ( 'NONE', #1070, 1000.000000000000000 ) ;
#575 = ADVANCED_FACE ( 'NONE', ( #811 ), #251, .F. ) ;
#576 = EDGE_LOOP ( 'NONE', ( #1298, #345, #819, #189 ) ) ;
#577 = DIRECTION ( 'NONE',  ( -1.000000000000000000, 0.0000000000000000000, -0.0000000000000000000 ) ) ;
#578 = EDGE_CURVE ( 'NONE', #1281, #1091, #1103, .T. ) ;
#579 = DIRECTION ( 'NONE',  ( -0.0000000000000000000, -1.213918724979067768E-16, 1.000000000000000000 ) ) ;
#580 = EDGE_LOOP ( 'NONE', ( #1241, #801, #1574, #1449 ) ) ;
#581 = PLANE ( 'NONE',  #939 ) ;
#582 = ORIENTED_EDGE ( 'NONE', *, *, #882, .F. ) ;
#583 = DIRECTION ( 'NONE',  ( -1.668003342285391551E-16, 1.000000000000000000, 0.0000000000000000000 ) ) ;
#584 = ADVANCED_FACE ( 'NONE', ( #597 ), #385, .F. ) ;
#585 = EDGE_LOOP ( 'NONE', ( #891, #799, #31, #1772 ) ) ;
#586 = CARTESIAN_POINT ( 'NONE',  ( -2.850000000000000089, 5.000000000000000000, -2.950000000000000178 ) ) ;
#587 = EDGE_LOOP ( 'NONE', ( #320, #782, #366, #1092 ) ) ;
#588 = EDGE_CURVE ( 'NONE', #1389, #1358, #1565, .T. ) ;
#589 = DIRECTION ( 'NONE',  ( 0.0000000000000000000, -1.000000000000000000, 0.0000000000000000000 ) ) ;
#590 = ORIENTED_EDGE ( 'NONE', *, *, #261, .F. ) ;
#591 = VECTOR ( 'NONE', #607, 1000.000000000000000 ) ;
#592 = CARTESIAN_POINT ( 'NONE',  ( 1.200000000000001066, 4.299999999999999822, -3.399999999999999467 ) ) ;
#593 = DIRECTION ( 'NONE',  ( 0.0000000000000000000, 0.0000000000000000000, -1.000000000000000000 ) ) ;
#594 =( GEOMETRIC_REPRESENTATION_CONTEXT ( 3 ) GLOBAL_UNCERTAINTY_ASSIGNED_CONTEXT ( ( #975 ) ) GLOBAL_UNIT_ASSIGNED_CONTEXT ( ( #1076, #1750, #517 ) ) REPRESENTATION_CONTEXT ( 'NONE', 'WORKASPACE' ) );
#595 = LINE ( 'NONE', #58, #338 ) ;
#596 = ADVANCED_FACE ( 'NONE', ( #1464 ), #339, .T. ) ;
#597 = FACE_OUTER_BOUND ( 'NONE', #100, .T. ) ;
#598 = VERTEX_POINT ( 'NONE', #1757 ) ;
#599 = DIRECTION ( 'NONE',  ( -1.000000000000000000, 0.0000000000000000000, 0.0000000000000000000 ) ) ;
#600 = EDGE_LOOP ( 'NONE', ( #1286, #1430, #1416, #346 ) ) ;
#601 = MANIFOLD_SOLID_BREP ( 'Edge-Flange1', #1577 ) ;
#602 = DIRECTION ( 'NONE',  ( 1.000000000000000000, 0.0000000000000000000, 0.0000000000000000000 ) ) ;
#603 = EDGE_LOOP ( 'NONE', ( #590, #1467, #545, #783 ) ) ;
#604 = AXIS2_PLACEMENT_3D ( 'NONE', #671, #553, #284 ) ;
#605 = PLANE ( 'NONE',  #1498 ) ;
#606 = ORIENTED_EDGE ( 'NONE', *, *, #741, .T. ) ;
#607 = DIRECTION ( 'NONE',  ( -0.0000000000000000000, 1.000000000000000000, -0.0000000000000000000 ) ) ;
#608 = VERTEX_POINT ( 'NONE', #1337 ) ;
#609 = CARTESIAN_POINT ( 'NONE',  ( 1.200000000000001066, -8.673617379884035472E-16, -3.399999999999999467 ) ) ;
#610 = ORIENTED_EDGE ( 'NONE', *, *, #1693, .F. ) ;
#611 = CARTESIAN_POINT ( 'NONE',  ( -1.199999999999998401, 0.0000000000000000000, 3.349999999999999645 ) ) ;
#612 = LINE ( 'NONE', #925, #854 ) ;
#613 = EDGE_CURVE ( 'NONE', #1381, #1117, #618, .T. ) ;
#614 = VECTOR ( 'NONE', #589, 1000.000000000000000 ) ;
#615 = AXIS2_PLACEMENT_3D ( 'NONE', #241, #382, #1075 ) ;
#616 = DIRECTION ( 'NONE',  ( 0.0000000000000000000, 0.0000000000000000000, 1.000000000000000000 ) ) ;
#617 = VECTOR ( 'NONE', #84, 1000.000000000000000 ) ;
#618 = LINE ( 'NONE', #549, #574 ) ;
#619 = DIRECTION ( 'NONE',  ( -0.0000000000000000000, -1.000000000000000000, -1.213918724979067768E-16 ) ) ;
#620 = FACE_OUTER_BOUND ( 'NONE', #1491, .T. ) ;
#621 = FILL_AREA_STYLE ('',( #444 ) ) ;
#622 = COLOUR_RGB ( '',0.7921568627450980005, 0.8196078431372548767, 0.9333333333333333481 ) ;
#623 = DIRECTION ( 'NONE',  ( 0.0000000000000000000, -1.084202172485504434E-16, 1.000000000000000000 ) ) ;
#624 = DIRECTION ( 'NONE',  ( 0.0000000000000000000, -1.084202172485504434E-16, 1.000000000000000000 ) ) ;
#625 = ORIENTED_EDGE ( 'NONE', *, *, #142, .T. ) ;
#626 = DIRECTION ( 'NONE',  ( -1.000000000000000000, -0.0000000000000000000, -0.0000000000000000000 ) ) ;
#627 = PLANE ( 'NONE',  #157 ) ;
#628 = CARTESIAN_POINT ( 'NONE',  ( -1.199999999999998401, 0.3999999999999993006, -3.349999999999999645 ) ) ;
#629 = ORIENTED_EDGE ( 'NONE', *, *, #1099, .T. ) ;
#630 = DIRECTION ( 'NONE',  ( -0.0000000000000000000, -0.0000000000000000000, -1.000000000000000000 ) ) ;
#631 = ORIENTED_EDGE ( 'NONE', *, *, #1654, .F. ) ;
#632 = ORIENTED_EDGE ( 'NONE', *, *, #139, .F. ) ;
#633 = VERTEX_POINT ( 'NONE', #666 ) ;
#634 = DIRECTION ( 'NONE',  ( 0.0000000000000000000, 0.0000000000000000000, 1.000000000000000000 ) ) ;
#635 = DIRECTION ( 'NONE',  ( 0.0000000000000000000, 0.0000000000000000000, -1.000000000000000000 ) ) ;
#636 = LINE ( 'NONE', #277, #1422 ) ;
#637 = CARTESIAN_POINT ( 'NONE',  ( 1.200000000000001510, 0.4499999999999994560, 3.349999999999999201 ) ) ;
#638 = LINE ( 'NONE', #1044, #957 ) ;
#639 = FACE_OUTER_BOUND ( 'NONE', #452, .T. ) ;
#640 = PLANE ( 'NONE',  #330 ) ;
#641 = FACE_OUTER_BOUND ( 'NONE', #219, .T. ) ;
#642 = DIRECTION ( 'NONE',  ( 0.0000000000000000000, 1.000000000000000000, 0.0000000000000000000 ) ) ;
#643 = VECTOR ( 'NONE', #258, 1000.000000000000000 ) ;
#644 = CARTESIAN_POINT ( 'NONE',  ( -1.199999999999998401, 0.4499999999999994560, 3.349999999999999201 ) ) ;
#645 = EDGE_CURVE ( 'NONE', #633, #849, #377, .T. ) ;
#646 = VERTEX_POINT ( 'NONE', #1081 ) ;
#647 = AXIS2_PLACEMENT_3D ( 'NONE', #676, #124, #410 ) ;
#648 = ORIENTED_EDGE ( 'NONE', *, *, #1631, .T. ) ;
#649 = DIRECTION ( 'NONE',  ( 0.0000000000000000000, -2.551063935260011477E-16, 1.000000000000000000 ) ) ;
#650 = ORIENTED_EDGE ( 'NONE', *, *, #1151, .T. ) ;
#651 = CARTESIAN_POINT ( 'NONE',  ( -2.850000000000000089, 5.000000000000000000, 2.950000000000000178 ) ) ;
#652 = VERTEX_POINT ( 'NONE', #286 ) ;
#653 = LINE ( 'NONE', #769, #547 ) ;
#654 = DIRECTION ( 'NONE',  ( 1.000000000000000000, -0.0000000000000000000, -0.0000000000000000000 ) ) ;
#655 = CIRCLE ( 'NONE', #242, 0.4500000000000002887 ) ;
#656 = EDGE_CURVE ( 'NONE', #598, #1743, #900, .T. ) ;
#657 = CARTESIAN_POINT ( 'NONE',  ( 1.200000000000001510, -7.047314121155778821E-16, -3.350000000000003197 ) ) ;
#658 = VECTOR ( 'NONE', #451, 1000.000000000000114 ) ;
#659 = AXIS2_PLACEMENT_3D ( 'NONE', #1769, #1619, #267 ) ;
#660 = CIRCLE ( 'NONE', #958, 0.5000000000000000000 ) ;
#661 = VECTOR ( 'NONE', #880, 1000.000000000000000 ) ;
#662 = AXIS2_PLACEMENT_3D ( 'NONE', #845, #319, #1669 ) ;
#663 = CARTESIAN_POINT ( 'NONE',  ( 1.200000000000001510, 0.0000000000000000000, -2.299999999999999822 ) ) ;
#664 = DIRECTION ( 'NONE',  ( 0.0000000000000000000, 0.0000000000000000000, 1.000000000000000000 ) ) ;
#665 = EDGE_CURVE ( 'NONE', #386, #918, #213, .T. ) ;
#666 = CARTESIAN_POINT ( 'NONE',  ( 1.200000000000001510, 0.4000000000000000222, -2.299999999999999822 ) ) ;
#667 = ORIENTED_EDGE ( 'NONE', *, *, #482, .F. ) ;
#668 =( NAMED_UNIT ( * ) PLANE_ANGLE_UNIT ( ) SI_UNIT ( $, .RADIAN. ) );
#669 = EDGE_LOOP ( 'NONE', ( #1620, #755, #714, #408 ) ) ;
#670 = EDGE_LOOP ( 'NONE', ( #561, #1112, #1361, #1575 ) ) ;
#671 = CARTESIAN_POINT ( 'NONE',  ( 2.850000000000000089, 5.000000000000000000, 2.950000000000000622 ) ) ;
#672 = APPLICATION_PROTOCOL_DEFINITION ( 'draft international standard', 'automotive_design', 1998, #534 ) ;
#673 = EDGE_LOOP ( 'NONE', ( #406, #1456, #1660, #289 ) ) ;
#674 = DIRECTION ( 'NONE',  ( -1.000000000000000000, -0.0000000000000000000, -0.0000000000000000000 ) ) ;
#675 = LINE ( 'NONE', #1513, #335 ) ;
#676 = CARTESIAN_POINT ( 'NONE',  ( 1.425000000000000044, 4.899999999999999467, 1.475000000000000311 ) ) ;
#677 = SURFACE_STYLE_USAGE ( .BOTH. , #1318 ) ;
#678 = EDGE_CURVE ( 'NONE', #722, #216, #1655, .T. ) ;
#679 = VECTOR ( 'NONE', #470, 1000.000000000000000 ) ;
#680 = CARTESIAN_POINT ( 'NONE',  ( 1.200000000000001066, 0.4500000000000001776, -3.450000000000000178 ) ) ;
#681 = DIRECTION ( 'NONE',  ( -0.8660254037844399289, -0.4999999999999979461, 0.0000000000000000000 ) ) ;
#682 = LINE ( 'NONE', #1142, #62 ) ;
#683 = AXIS2_PLACEMENT_3D ( 'NONE', #1256, #1665, #1260 ) ;
#684 = ORIENTED_EDGE ( 'NONE', *, *, #1713, .F. ) ;
#685 = CARTESIAN_POINT ( 'NONE',  ( 1.200000000000001510, 0.4499999999999994560, 3.349999999999999201 ) ) ;
#686 = PRODUCT_CONTEXT ( 'NONE', #534, 'mechanical' ) ;
#687 =( NAMED_UNIT ( * ) PLANE_ANGLE_UNIT ( ) SI_UNIT ( $, .RADIAN. ) );
#688 = EDGE_LOOP ( 'NONE', ( #804, #1756, #970, #54 ) ) ;
#689 = CARTESIAN_POINT ( 'NONE',  ( -2.850000000000000089, 5.000000000000000000, -2.950000000000000178 ) ) ;
#690 = VERTEX_POINT ( 'NONE', #1344 ) ;
#691 = CARTESIAN_POINT ( 'NONE',  ( -1.199999999999998401, 0.4000000000000000222, 3.799999999999999378 ) ) ;
#692 = CARTESIAN_POINT ( 'NONE',  ( -1.199999999999998401, 0.4500000000000001776, -3.399999999999999467 ) ) ;
#693 =( NAMED_UNIT ( * ) SI_UNIT ( $, .STERADIAN. ) SOLID_ANGLE_UNIT ( ) );
#694 = ORIENTED_EDGE ( 'NONE', *, *, #1330, .T. ) ;
#695 = EDGE_CURVE ( 'NONE', #739, #1011, #510, .T. ) ;
#696 = DIRECTION ( 'NONE',  ( 0.0000000000000000000, 0.0000000000000000000, 1.000000000000000000 ) ) ;
#697 = EDGE_LOOP ( 'NONE', ( #104, #1455, #520, #1014 ) ) ;
#698 = EDGE_LOOP ( 'NONE', ( #202, #564, #756, #694 ) ) ;
#699 = DIRECTION ( 'NONE',  ( 0.0000000000000000000, 0.0000000000000000000, 1.000000000000000000 ) ) ;
#700 = LINE ( 'NONE', #1211, #1651 ) ;
#701 = LINE ( 'NONE', #831, #439 ) ;
#702 = CARTESIAN_POINT ( 'NONE',  ( 1.425000000000000044, 4.899999999999999467, 1.475000000000000311 ) ) ;
#703 = UNCERTAINTY_MEASURE_WITH_UNIT (LENGTH_MEASURE( 1.000000000000000082E-05 ), #1224, 'distance_accuracy_value', 'NONE');
#704 = LINE ( 'NONE', #871, #960 ) ;
#705 = VECTOR ( 'NONE', #1194, 1000.000000000000000 ) ;
#706 = CARTESIAN_POINT ( 'NONE',  ( -1.199999999999998401, -8.673617379884035472E-16, 3.399999999999999467 ) ) ;
#707 = ADVANCED_FACE ( 'NONE', ( #1547 ), #543, .T. ) ;
#708 = PLANE ( 'NONE',  #662 ) ;
#709 = EDGE_CURVE ( 'NONE', #646, #947, #879, .T. ) ;
#710 = CIRCLE ( 'NONE', #91, 0.3500000000000000333 ) ;
#711 = DIRECTION ( 'NONE',  ( 1.000000000000000000, 0.0000000000000000000, -0.0000000000000000000 ) ) ;
#712 = PRESENTATION_LAYER_ASSIGNMENT (  '', '', ( #971 ) ) ;
#713 = DIRECTION ( 'NONE',  ( -0.0000000000000000000, 0.0000000000000000000, 1.000000000000000000 ) ) ;
#714 = ORIENTED_EDGE ( 'NONE', *, *, #363, .F. ) ;
#715 = ORIENTED_EDGE ( 'NONE', *, *, #87, .T. ) ;
#716 = CARTESIAN_POINT ( 'NONE',  ( 1.200000000000001510, 0.4499999999999994560, -3.399999999999999467 ) ) ;
#717 = ADVANCED_FACE ( 'NONE', ( #751 ), #1357, .F. ) ;
#718 = ORIENTED_EDGE ( 'NONE', *, *, #1682, .T. ) ;
#719 = EDGE_CURVE ( 'NONE', #1664, #492, #352, .T. ) ;
#720 = EDGE_LOOP ( 'NONE', ( #86, #412, #268, #1267 ) ) ;
#721 = DIRECTION ( 'NONE',  ( -1.000000000000000000, 0.0000000000000000000, 0.0000000000000000000 ) ) ;
#722 = VERTEX_POINT ( 'NONE', #137 ) ;
#723 = STYLED_ITEM ( 'NONE', ( #1311 ), #601 ) ;
#724 = DIRECTION ( 'NONE',  ( 0.0000000000000000000, 1.000000000000000000, 0.0000000000000000000 ) ) ;
#725 = CARTESIAN_POINT ( 'NONE',  ( 1.425000000000000044, 4.899999999999999467, 1.125000000000000444 ) ) ;
#726 = ADVANCED_FACE ( 'NONE', ( #1729 ), #35, .T. ) ;
#727 = CARTESIAN_POINT ( 'NONE',  ( 1.602072594216366719, 0.1000000000000003803, -5.431161275615896677 ) ) ;
#728 = LINE ( 'NONE', #1323, #875 ) ;
#729 = DIRECTION ( 'NONE',  ( 0.0000000000000000000, 0.0000000000000000000, 1.000000000000000000 ) ) ;
#730 = LINE ( 'NONE', #1709, #1043 ) ;
#731 = EDGE_CURVE ( 'NONE', #1674, #761, #528, .T. ) ;
#732 = LINE ( 'NONE', #749, #770 ) ;
#733 = DIRECTION ( 'NONE',  ( 0.0000000000000000000, -1.000000000000000000, 0.0000000000000000000 ) ) ;
#734 = ORIENTED_EDGE ( 'NONE', *, *, #1761, .F. ) ;
#735 = CARTESIAN_POINT ( 'NONE',  ( -1.199999999999998623, 0.4000000000000000222, 2.300000000000000266 ) ) ;
#736 = EDGE_LOOP ( 'NONE', ( #82, #1315 ) ) ;
#737 = ORIENTED_EDGE ( 'NONE', *, *, #1149, .T. ) ;
#738 = DIRECTION ( 'NONE',  ( 0.0000000000000000000, 1.000000000000000000, 0.0000000000000000000 ) ) ;
#739 = VERTEX_POINT ( 'NONE', #440 ) ;
#740 = ORIENTED_EDGE ( 'NONE', *, *, #613, .T. ) ;
#741 = EDGE_CURVE ( 'NONE', #386, #598, #1150, .T. ) ;
#742 = ADVANCED_FACE ( 'NONE', ( #1546 ), #301, .F. ) ;
#743 = CARTESIAN_POINT ( 'NONE',  ( -3.350000000000000089, 5.000000000000000000, -2.950000000000000178 ) ) ;
#744 = AXIS2_PLACEMENT_3D ( 'NONE', #1747, #930, #1059 ) ;
#745 = LINE ( 'NONE', #271, #1419 ) ;
#746 = PRODUCT_DEFINITION_CONTEXT ( 'detailed design', #153, 'design' ) ;
#747 = DIRECTION ( 'NONE',  ( -1.000000000000000000, -0.0000000000000000000, -0.0000000000000000000 ) ) ;
#748 = VECTOR ( 'NONE', #881, 1000.000000000000000 ) ;
#749 = CARTESIAN_POINT ( 'NONE',  ( -1.199999999999998401, 5.000000000000000000, 3.399999999999999467 ) ) ;
#750 = DIRECTION ( 'NONE',  ( -1.000000000000000000, -1.668003342285391551E-16, 0.0000000000000000000 ) ) ;
#751 = FACE_OUTER_BOUND ( 'NONE', #889, .T. ) ;
#752 = LINE ( 'NONE', #1434, #1751 ) ;
#753 = ORIENTED_EDGE ( 'NONE', *, *, #719, .T. ) ;
#754 = AXIS2_PLACEMENT_3D ( 'NONE', #1178, #619, #624 ) ;
#755 = ORIENTED_EDGE ( 'NONE', *, *, #261, .T. ) ;
#756 = ORIENTED_EDGE ( 'NONE', *, *, #934, .F. ) ;
#757 = STYLED_ITEM ( 'NONE', ( #766 ), #1469 ) ;
#758 = DIRECTION ( 'NONE',  ( 0.0000000000000000000, 0.0000000000000000000, 1.000000000000000000 ) ) ;
#759 = ORIENTED_EDGE ( 'NONE', *, *, #1447, .T. ) ;
#760 = DIRECTION ( 'NONE',  ( 0.0000000000000000000, -1.000000000000000000, 0.0000000000000000000 ) ) ;
#761 = VERTEX_POINT ( 'NONE', #1652 ) ;
#762 = VERTEX_POINT ( 'NONE', #1506 ) ;
#763 = DIRECTION ( 'NONE',  ( 0.0000000000000000000, 0.0000000000000000000, 1.000000000000000000 ) ) ;
#764 = LINE ( 'NONE', #228, #92 ) ;
#765 = EDGE_CURVE ( 'NONE', #598, #3, #922, .T. ) ;
#766 = PRESENTATION_STYLE_ASSIGNMENT (( #893 ) ) ;
#767 = DIRECTION ( 'NONE',  ( 0.0000000000000000000, 0.0000000000000000000, -1.000000000000000000 ) ) ;
#768 = LINE ( 'NONE', #1039, #1604 ) ;
#769 = CARTESIAN_POINT ( 'NONE',  ( 1.399999999999999245, 0.4499999999999996780, -5.431161275615896677 ) ) ;
#770 = VECTOR ( 'NONE', #44, 1000.000000000000000 ) ;
#771 = FACE_OUTER_BOUND ( 'NONE', #1433, .T. ) ;
#772 = DIRECTION ( 'NONE',  ( -1.000000000000000000, 0.0000000000000000000, 0.0000000000000000000 ) ) ;
#773 = DIRECTION ( 'NONE',  ( 0.4999999999999978351, 0.8660254037844399289, 0.0000000000000000000 ) ) ;
#774 = EDGE_LOOP ( 'NONE', ( #239, #66, #1119, #1537 ) ) ;
#775 = EDGE_CURVE ( 'NONE', #179, #425, #1749, .T. ) ;
#776 = CARTESIAN_POINT ( 'NONE',  ( -1.399999999999998579, 0.4499999999999991784, 2.099999999999999201 ) ) ;
#777 = ORIENTED_EDGE ( 'NONE', *, *, #363, .T. ) ;
#778 = ORIENTED_EDGE ( 'NONE', *, *, #1440, .F. ) ;
#779 = CARTESIAN_POINT ( 'NONE',  ( 1.200000000000001510, 0.4000000000000000222, 2.299999999999999822 ) ) ;
#780 = PRESENTATION_LAYER_ASSIGNMENT (  '', '', ( #1105 ) ) ;
#781 = ORIENTED_EDGE ( 'NONE', *, *, #578, .T. ) ;
#782 = ORIENTED_EDGE ( 'NONE', *, *, #613, .F. ) ;
#783 = ORIENTED_EDGE ( 'NONE', *, *, #1250, .F. ) ;
#784 = CARTESIAN_POINT ( 'NONE',  ( 1.200000000000001510, 0.4499999999999994560, 3.399999999999999467 ) ) ;
#785 = EDGE_CURVE ( 'NONE', #1038, #414, #550, .T. ) ;
#786 = CYLINDRICAL_SURFACE ( 'NONE', #1425, 0.5000000000000000000 ) ;
#787 = CARTESIAN_POINT ( 'NONE',  ( -1.602072594216366053, 0.09999999999999999167, 1.897927405783632171 ) ) ;
#788 = EDGE_CURVE ( 'NONE', #633, #913, #1189, .T. ) ;
#789 = VECTOR ( 'NONE', #772, 1000.000000000000000 ) ;
#790 = LINE ( 'NONE', #1153, #421 ) ;
#791 = DIRECTION ( 'NONE',  ( 0.0000000000000000000, 1.000000000000000000, 0.0000000000000000000 ) ) ;
#792 = AXIS2_PLACEMENT_3D ( 'NONE', #1314, #227, #1443 ) ;
#793 = DIRECTION ( 'NONE',  ( 0.0000000000000000000, -1.000000000000000000, 0.0000000000000000000 ) ) ;
#794 = DIRECTION ( 'NONE',  ( -0.0000000000000000000, -0.0000000000000000000, 1.000000000000000000 ) ) ;
#795 = LINE ( 'NONE', #1694, #1427 ) ;
#796 = ORIENTED_EDGE ( 'NONE', *, *, #61, .T. ) ;
#797 = EDGE_CURVE ( 'NONE', #1495, #291, #13, .T. ) ;
#798 = CARTESIAN_POINT ( 'NONE',  ( -1.602072594216366053, 0.09999999999999999167, -3.450000000000000178 ) ) ;
#799 = ORIENTED_EDGE ( 'NONE', *, *, #645, .F. ) ;
#800 = AXIS2_PLACEMENT_3D ( 'NONE', #1388, #188, #853 ) ;
#801 = ORIENTED_EDGE ( 'NONE', *, *, #1746, .T. ) ;
#802 = ORIENTED_EDGE ( 'NONE', *, *, #1630, .T. ) ;
#803 = PLANE ( 'NONE',  #1584 ) ;
#804 = ORIENTED_EDGE ( 'NONE', *, *, #462, .T. ) ;
#805 = DIRECTION ( 'NONE',  ( -1.000000000000000000, 2.248510357040798606E-16, 0.0000000000000000000 ) ) ;
#806 = CARTESIAN_POINT ( 'NONE',  ( -1.602072594216366053, 0.09999999999999999167, -1.897927405783633059 ) ) ;
#807 = CYLINDRICAL_SURFACE ( 'NONE', #17, 0.3500000000000000333 ) ;
#808 = DIRECTION ( 'NONE',  ( 0.0000000000000000000, -1.000000000000000000, 0.0000000000000000000 ) ) ;
#809 = AXIS2_PLACEMENT_3D ( 'NONE', #898, #344, #214 ) ;
#810 = DIRECTION ( 'NONE',  ( -0.4472135954999564844, 0.7745966692414850696, 0.4472135954999564289 ) ) ;
#811 = FACE_OUTER_BOUND ( 'NONE', #1556, .T. ) ;
#812 = FACE_OUTER_BOUND ( 'NONE', #736, .T. ) ;
#813 = FILL_AREA_STYLE ('',( #1752 ) ) ;
#814 = ORIENTED_EDGE ( 'NONE', *, *, #1162, .T. ) ;
#815 = PLANE ( 'NONE',  #41 ) ;
#816 = ORIENTED_EDGE ( 'NONE', *, *, #1240, .F. ) ;
#817 = DIRECTION ( 'NONE',  ( 0.0000000000000000000, -0.0000000000000000000, 1.000000000000000000 ) ) ;
#818 = DIRECTION ( 'NONE',  ( 1.000000000000000000, -2.248510357040798113E-16, -0.0000000000000000000 ) ) ;
#819 = ORIENTED_EDGE ( 'NONE', *, *, #865, .F. ) ;
#820 = EDGE_CURVE ( 'NONE', #291, #1381, #1232, .T. ) ;
#821 = CARTESIAN_POINT ( 'NONE',  ( -1.199999999999998401, 0.4499999999999994560, -3.349999999999999201 ) ) ;
#822 = SURFACE_STYLE_USAGE ( .BOTH. , #1629 ) ;
#823 = ORIENTED_EDGE ( 'NONE', *, *, #1330, .F. ) ;
#824 = DIRECTION ( 'NONE',  ( -1.000000000000000000, 0.0000000000000000000, -0.0000000000000000000 ) ) ;
#825 = ORIENTED_EDGE ( 'NONE', *, *, #1015, .F. ) ;
#826 = DIRECTION ( 'NONE',  ( 0.0000000000000000000, 0.0000000000000000000, 1.000000000000000000 ) ) ;
#827 = ORIENTED_EDGE ( 'NONE', *, *, #820, .T. ) ;
#828 = FACE_OUTER_BOUND ( 'NONE', #1108, .T. ) ;
#829 = DIRECTION ( 'NONE',  ( 0.0000000000000000000, 0.0000000000000000000, -1.000000000000000000 ) ) ;
#830 = LINE ( 'NONE', #784, #1583 ) ;
#831 = CARTESIAN_POINT ( 'NONE',  ( -1.199999999999998623, 0.4000000000000000222, -2.300000000000000266 ) ) ;
#832 = EDGE_CURVE ( 'NONE', #652, #947, #833, .T. ) ;
#833 = LINE ( 'NONE', #858, #877 ) ;
#834 = LINE ( 'NONE', #1450, #195 ) ;
#835 = AXIS2_PLACEMENT_3D ( 'NONE', #840, #969, #729 ) ;
#836 = SURFACE_STYLE_FILL_AREA ( #813 ) ;
#837 = DIRECTION ( 'NONE',  ( -1.000000000000000000, 0.0000000000000000000, 0.0000000000000000000 ) ) ;
#838 = EDGE_LOOP ( 'NONE', ( #1247, #1157, #515, #177 ) ) ;
#839 = CARTESIAN_POINT ( 'NONE',  ( 1.399999999999999245, 0.4499999999999996780, -2.100000000000000533 ) ) ;
#840 = CARTESIAN_POINT ( 'NONE',  ( 1.425000000000000044, 5.000000000000000000, 1.475000000000000311 ) ) ;
#841 = ADVANCED_FACE ( 'NONE', ( #639 ), #150, .F. ) ;
#842 = VERTEX_POINT ( 'NONE', #290 ) ;
#843 = ORIENTED_EDGE ( 'NONE', *, *, #882, .T. ) ;
#844 = EDGE_CURVE ( 'NONE', #414, #1096, #1058, .T. ) ;
#845 = CARTESIAN_POINT ( 'NONE',  ( 1.200000000000001510, 0.4499999999999994560, -3.349999999999999201 ) ) ;
#846 = AXIS2_PLACEMENT_3D ( 'NONE', #144, #674, #1078 ) ;
#847 = DIRECTION ( 'NONE',  ( 0.0000000000000000000, 1.000000000000000000, 1.213918724979067768E-16 ) ) ;
#848 = ORIENTED_EDGE ( 'NONE', *, *, #1308, .T. ) ;
#849 = VERTEX_POINT ( 'NONE', #1390 ) ;
#850 = AXIS2_PLACEMENT_3D ( 'NONE', #1197, #93, #1480 ) ;
#851 = CARTESIAN_POINT ( 'NONE',  ( -1.199999999999998623, 0.0000000000000000000, -2.300000000000000266 ) ) ;
#852 = ADVANCED_FACE ( 'NONE', ( #1424 ), #1107, .T. ) ;
#853 = DIRECTION ( 'NONE',  ( 1.668003342285391551E-16, -1.000000000000000000, 0.0000000000000000000 ) ) ;
#854 = VECTOR ( 'NONE', #85, 1000.000000000000000 ) ;
#855 = LINE ( 'NONE', #167, #374 ) ;
#856 = CIRCLE ( 'NONE', #196, 0.3500000000000000333 ) ;
#857 = AXIS2_PLACEMENT_3D ( 'NONE', #1636, #4, #1129 ) ;
#858 = CARTESIAN_POINT ( 'NONE',  ( 1.200000000000001510, 0.0000000000000000000, 2.299999999999999822 ) ) ;
#859 = ADVANCED_FACE ( 'NONE', ( #1025 ), #1282, .F. ) ;
#860 = LINE ( 'NONE', #45, #1768 ) ;
#861 = CARTESIAN_POINT ( 'NONE',  ( -1.199999999999998401, 0.4499999999999994560, -3.799999999999999378 ) ) ;
#862 = EDGE_LOOP ( 'NONE', ( #1510, #181, #1393, #1345, #1593, #867 ) ) ;
#863 = CARTESIAN_POINT ( 'NONE',  ( -1.199999999999998623, 0.4000000000000000222, -2.300000000000000266 ) ) ;
#864 = VERTEX_POINT ( 'NONE', #1520 ) ;
#865 = EDGE_CURVE ( 'NONE', #1011, #386, #1680, .T. ) ;
#866 = ADVANCED_FACE ( 'NONE', ( #315 ), #1672, .F. ) ;
#867 = ORIENTED_EDGE ( 'NONE', *, *, #844, .T. ) ;
#868 = CARTESIAN_POINT ( 'NONE',  ( -1.199999999999998401, -8.673617379884035472E-16, -3.399999999999999467 ) ) ;
#869 = VERTEX_POINT ( 'NONE', #592 ) ;
#870 = AXIS2_PLACEMENT_3D ( 'NONE', #530, #847, #446 ) ;
#871 = CARTESIAN_POINT ( 'NONE',  ( 1.200000000000001066, 0.4499999999999993450, 3.399999999999999467 ) ) ;
#872 = CARTESIAN_POINT ( 'NONE',  ( 1.425000000000000044, 5.989949493661167246, 1.825000000000000400 ) ) ;
#873 = VECTOR ( 'NONE', #1204, 1000.000000000000000 ) ;
#874 =( NAMED_UNIT ( * ) SI_UNIT ( $, .STERADIAN. ) SOLID_ANGLE_UNIT ( ) );
#875 = VECTOR ( 'NONE', #1068, 1000.000000000000000 ) ;
#876 = CARTESIAN_POINT ( 'NONE',  ( -1.199999999999997957, 0.4499999999999993450, 3.399999999999999467 ) ) ;
#877 = VECTOR ( 'NONE', #1384, 1000.000000000000000 ) ;
#878 = ADVANCED_FACE ( 'NONE', ( #1353 ), #1019, .F. ) ;
#879 = LINE ( 'NONE', #280, #146 ) ;
#880 = DIRECTION ( 'NONE',  ( 0.0000000000000000000, 0.0000000000000000000, 1.000000000000000000 ) ) ;
#881 = DIRECTION ( 'NONE',  ( 0.0000000000000000000, 0.0000000000000000000, 1.000000000000000000 ) ) ;
#882 = EDGE_CURVE ( 'NONE', #1000, #1143, #704, .T. ) ;
#883 = CARTESIAN_POINT ( 'NONE',  ( -1.199999999999998623, 0.4000000000000000222, 2.300000000000000266 ) ) ;
#884 = AXIS2_PLACEMENT_3D ( 'NONE', #1533, #577, #713 ) ;
#885 = DIRECTION ( 'NONE',  ( 0.0000000000000000000, -2.551063935260011477E-16, 1.000000000000000000 ) ) ;
#886 = DIRECTION ( 'NONE',  ( -0.0000000000000000000, -0.0000000000000000000, 1.000000000000000000 ) ) ;
#887 = ORIENTED_EDGE ( 'NONE', *, *, #1064, .T. ) ;
#888 = CARTESIAN_POINT ( 'NONE',  ( -1.199999999999998401, 0.4500000000000001776, -3.450000000000000178 ) ) ;
#889 = EDGE_LOOP ( 'NONE', ( #138, #252, #1018, #1534, #610, #942, #361, #629, #1618, #1035, #950, #131, #778, #450, #538, #478 ) ) ;
#890 = DIRECTION ( 'NONE',  ( 1.000000000000000000, 0.0000000000000000000, 0.0000000000000000000 ) ) ;
#891 = ORIENTED_EDGE ( 'NONE', *, *, #1746, .F. ) ;
#892 = EDGE_CURVE ( 'NONE', #652, #425, #1309, .T. ) ;
#893 = SURFACE_STYLE_USAGE ( .BOTH. , #1555 ) ;
#894 = VERTEX_POINT ( 'NONE', #735 ) ;
#895 = FACE_OUTER_BOUND ( 'NONE', #1720, .T. ) ;
#896 = CARTESIAN_POINT ( 'NONE',  ( -1.602072594216366053, 0.09999999999999999167, -5.431161275615896677 ) ) ;
#897 = FACE_OUTER_BOUND ( 'NONE', #326, .T. ) ;
#898 = CARTESIAN_POINT ( 'NONE',  ( -1.199999999999998401, 4.299999999999999822, 3.799999999999999378 ) ) ;
#899 = CIRCLE ( 'NONE', #1067, 0.5000000000000000000 ) ;
#900 = CIRCLE ( 'NONE', #846, 0.4500000000000002887 ) ;
#901 = DIRECTION ( 'NONE',  ( 0.0000000000000000000, -1.084202172485504434E-16, 1.000000000000000000 ) ) ;
#902 = VECTOR ( 'NONE', #50, 1000.000000000000000 ) ;
#903 = EDGE_CURVE ( 'NONE', #1738, #842, #298, .T. ) ;
#904 = DIRECTION ( 'NONE',  ( 0.0000000000000000000, -1.000000000000000000, 0.0000000000000000000 ) ) ;
#905 = ORIENTED_EDGE ( 'NONE', *, *, #193, .T. ) ;
#906 = AXIS2_PLACEMENT_3D ( 'NONE', #609, #1134, #1688 ) ;
#907 = VERTEX_POINT ( 'NONE', #1548 ) ;
#908 = DIRECTION ( 'NONE',  ( 0.0000000000000000000, 0.0000000000000000000, 1.000000000000000000 ) ) ;
#909 = CARTESIAN_POINT ( 'NONE',  ( 1.425000000000000044, 5.000000000000000000, 1.825000000000000400 ) ) ;
#910 = DIRECTION ( 'NONE',  ( -1.445602896647340149E-16, 0.0000000000000000000, 1.000000000000000000 ) ) ;
#911 = EDGE_LOOP ( 'NONE', ( #1165, #1131 ) ) ;
#912 = ORIENTED_EDGE ( 'NONE', *, *, #719, .F. ) ;
#913 = VERTEX_POINT ( 'NONE', #863 ) ;
#914 = DIRECTION ( 'NONE',  ( -0.0000000000000000000, -1.000000000000000000, -1.213918724979067768E-16 ) ) ;
#915 = CARTESIAN_POINT ( 'NONE',  ( 3.350000000000000089, 0.1000000000000005190, -2.449999999999997513 ) ) ;
#916 = VERTEX_POINT ( 'NONE', #191 ) ;
#917 = CARTESIAN_POINT ( 'NONE',  ( -1.199999999999998401, -8.673617379884035472E-16, -3.799999999999999378 ) ) ;
#918 = VERTEX_POINT ( 'NONE', #182 ) ;
#919 = VECTOR ( 'NONE', #773, 1000.000000000000227 ) ;
#920 = VECTOR ( 'NONE', #649, 1000.000000000000000 ) ;
#921 = DIRECTION ( 'NONE',  ( 0.0000000000000000000, 0.0000000000000000000, -1.000000000000000000 ) ) ;
#922 = LINE ( 'NONE', #1251, #1276 ) ;
#923 = DIRECTION ( 'NONE',  ( -1.000000000000000000, -0.0000000000000000000, -0.0000000000000000000 ) ) ;
#924 = UNCERTAINTY_MEASURE_WITH_UNIT (LENGTH_MEASURE( 1.000000000000000082E-05 ), #941, 'distance_accuracy_value', 'NONE');
#925 = CARTESIAN_POINT ( 'NONE',  ( -3.350000000000000089, 5.000000000000000000, -3.450000000000000178 ) ) ;
#926 = EDGE_CURVE ( 'NONE', #894, #179, #194, .T. ) ;
#927 = VERTEX_POINT ( 'NONE', #888 ) ;
#928 = DIRECTION ( 'NONE',  ( 0.0000000000000000000, 0.0000000000000000000, 1.000000000000000000 ) ) ;
#929 = CARTESIAN_POINT ( 'NONE',  ( -3.350000000000000089, 0.4499999999999993450, 2.100000000000000089 ) ) ;
#930 = DIRECTION ( 'NONE',  ( -0.0000000000000000000, 0.0000000000000000000, -1.000000000000000000 ) ) ;
#931 = ORIENTED_EDGE ( 'NONE', *, *, #731, .T. ) ;
#932 = CLOSED_SHELL ( 'NONE', ( #596, #993, #742, #316 ) ) ;
#933 = DIRECTION ( 'NONE',  ( -0.7071067811865491270, 0.0000000000000000000, 0.7071067811865460184 ) ) ;
#934 = EDGE_CURVE ( 'NONE', #913, #1, #790, .T. ) ;
#935 = COLOUR_RGB ( '',0.7921568627450980005, 0.8196078431372548767, 0.9333333333333333481 ) ;
#936 = AXIS2_PLACEMENT_3D ( 'NONE', #209, #1161, #1560 ) ;
#937 = LINE ( 'NONE', #1030, #527 ) ;
#938 = FILL_AREA_STYLE_COLOUR ( '', #1351 ) ;
#939 = AXIS2_PLACEMENT_3D ( 'NONE', #1272, #32, #455 ) ;
#940 = CARTESIAN_POINT ( 'NONE',  ( 0.0000000000000000000, 0.0000000000000000000, 0.0000000000000000000 ) ) ;
#941 =( LENGTH_UNIT ( ) NAMED_UNIT ( * ) SI_UNIT ( .MILLI., .METRE. ) );
#942 = ORIENTED_EDGE ( 'NONE', *, *, #87, .F. ) ;
#943 = DIRECTION ( 'NONE',  ( 0.0000000000000000000, -1.000000000000000000, 0.0000000000000000000 ) ) ;
#944 = CARTESIAN_POINT ( 'NONE',  ( -1.199999999999998401, 0.4000000000000000222, 3.399999999999999467 ) ) ;
#945 = ORIENTED_EDGE ( 'NONE', *, *, #165, .F. ) ;
#946 = DIRECTION ( 'NONE',  ( 0.0000000000000000000, 1.000000000000000000, 0.0000000000000000000 ) ) ;
#947 = VERTEX_POINT ( 'NONE', #47 ) ;
#948 = DIRECTION ( 'NONE',  ( 0.4999999999999978906, 0.8660254037844398178, 0.0000000000000000000 ) ) ;
#949 = ORIENTED_EDGE ( 'NONE', *, *, #180, .T. ) ;
#950 = ORIENTED_EDGE ( 'NONE', *, *, #820, .F. ) ;
#951 = DIRECTION ( 'NONE',  ( 0.0000000000000000000, 0.0000000000000000000, 1.000000000000000000 ) ) ;
#952 = ORIENTED_EDGE ( 'NONE', *, *, #272, .F. ) ;
#953 = CARTESIAN_POINT ( 'NONE',  ( 1.425000000000000044, 4.899999999999999467, 1.475000000000000311 ) ) ;
#954 = VECTOR ( 'NONE', #174, 1000.000000000000000 ) ;
#955 = EDGE_CURVE ( 'NONE', #894, #1285, #595, .T. ) ;
#956 = DIRECTION ( 'NONE',  ( -1.000000000000000000, 0.0000000000000000000, 0.0000000000000000000 ) ) ;
#957 = VECTOR ( 'NONE', #1454, 1000.000000000000000 ) ;
#958 = AXIS2_PLACEMENT_3D ( 'NONE', #651, #230, #373 ) ;
#959 = DIRECTION ( 'NONE',  ( 0.0000000000000000000, 0.0000000000000000000, 1.000000000000000000 ) ) ;
#960 = VECTOR ( 'NONE', #602, 1000.000000000000000 ) ;
#961 = LINE ( 'NONE', #1599, #422 ) ;
#962 = PLANE ( 'NONE',  #1356 ) ;
#963 = DIRECTION ( 'NONE',  ( -0.0000000000000000000, 1.000000000000000000, -0.0000000000000000000 ) ) ;
#964 = FILL_AREA_STYLE_COLOUR ( '', #97 ) ;
#965 = VERTEX_POINT ( 'NONE', #1428 ) ;
#966 = CARTESIAN_POINT ( 'NONE',  ( -1.199999999999998401, 0.4500000000000001776, -3.399999999999999467 ) ) ;
#967 = ORIENTED_EDGE ( 'NONE', *, *, #354, .T. ) ;
#968 = EDGE_CURVE ( 'NONE', #1369, #1492, #1399, .T. ) ;
#969 = DIRECTION ( 'NONE',  ( 0.0000000000000000000, 1.000000000000000000, 0.0000000000000000000 ) ) ;
#970 = ORIENTED_EDGE ( 'NONE', *, *, #1603, .F. ) ;
#971 = STYLED_ITEM ( 'NONE', ( #1306 ), #1233 ) ;
#972 = ADVANCED_FACE ( 'NONE', ( #95 ), #1288, .F. ) ;
#973 = EDGE_LOOP ( 'NONE', ( #1160, #1095, #392, #1436, #582, #537, #1690, #333 ) ) ;
#974 =( NAMED_UNIT ( * ) PLANE_ANGLE_UNIT ( ) SI_UNIT ( $, .RADIAN. ) );
#975 = UNCERTAINTY_MEASURE_WITH_UNIT (LENGTH_MEASURE( 1.000000000000000082E-05 ), #1076, 'distance_accuracy_value', 'NONE');
#976 = ORIENTED_EDGE ( 'NONE', *, *, #1125, .F. ) ;
#977 = FACE_OUTER_BOUND ( 'NONE', #669, .T. ) ;
#978 = LINE ( 'NONE', #1400, #614 ) ;
#979 = DIRECTION ( 'NONE',  ( 0.0000000000000000000, 0.0000000000000000000, -1.000000000000000000 ) ) ;
#980 = CARTESIAN_POINT ( 'NONE',  ( 1.200000000000001066, 5.000000000000000000, -3.450000000000000178 ) ) ;
#981 = EDGE_CURVE ( 'NONE', #73, #1205, #1462, .T. ) ;
#982 = LINE ( 'NONE', #779, #617 ) ;
#983 = DIRECTION ( 'NONE',  ( 1.000000000000000000, 0.0000000000000000000, 0.0000000000000000000 ) ) ;
#984 = VECTOR ( 'NONE', #724, 1000.000000000000000 ) ;
#985 = ADVANCED_FACE ( 'NONE', ( #1327 ), #321, .F. ) ;
#986 = AXIS2_PLACEMENT_3D ( 'NONE', #727, #309, #989 ) ;
#987 = CARTESIAN_POINT ( 'NONE',  ( 1.200000000000001510, 0.4499999999999994560, 3.399999999999999467 ) ) ;
#988 = EDGE_LOOP ( 'NONE', ( #245, #240, #566, #1648 ) ) ;
#989 = DIRECTION ( 'NONE',  ( 0.4999999999999978906, -0.8660254037844398178, 0.0000000000000000000 ) ) ;
#990 = CARTESIAN_POINT ( 'NONE',  ( 1.602072594216366719, 0.1000000000000003803, 3.450000000000000178 ) ) ;
#991 = CARTESIAN_POINT ( 'NONE',  ( -1.199999999999998401, 5.000000000000000000, 3.450000000000000178 ) ) ;
#992 = EDGE_CURVE ( 'NONE', #739, #226, #59, .T. ) ;
#993 = ADVANCED_FACE ( 'NONE', ( #1704 ), #1653, .T. ) ;
#994 = ORIENTED_EDGE ( 'NONE', *, *, #1250, .T. ) ;
#995 = DIRECTION ( 'NONE',  ( 0.0000000000000000000, 0.0000000000000000000, 1.000000000000000000 ) ) ;
#996 = ORIENTED_EDGE ( 'NONE', *, *, #1723, .T. ) ;
#997 = CARTESIAN_POINT ( 'NONE',  ( -3.350000000000000089, 0.4500000000000002331, -3.800000000000000266 ) ) ;
#998 = ORIENTED_EDGE ( 'NONE', *, *, #542, .F. ) ;
#999 = PLANE ( 'NONE',  #800 ) ;
#1000 = VERTEX_POINT ( 'NONE', #876 ) ;
#1001 = ADVANCED_FACE ( 'NONE', ( #466 ), #640, .F. ) ;
#1002 = FACE_OUTER_BOUND ( 'NONE', #585, .T. ) ;
#1003 = EDGE_CURVE ( 'NONE', #125, #646, #982, .T. ) ;
#1004 = CARTESIAN_POINT ( 'NONE',  ( -1.199999999999998401, 5.000000000000000000, -3.799999999999999378 ) ) ;
#1005 = VECTOR ( 'NONE', #1120, 1000.000000000000114 ) ;
#1006 = DIRECTION ( 'NONE',  ( 0.0000000000000000000, 0.0000000000000000000, -1.000000000000000000 ) ) ;
#1007 = EDGE_CURVE ( 'NONE', #842, #1381, #1126, .T. ) ;
#1008 = DIRECTION ( 'NONE',  ( 1.000000000000000000, 0.0000000000000000000, -0.0000000000000000000 ) ) ;
#1009 = CIRCLE ( 'NONE', #205, 0.3500000000000000333 ) ;
#1010 = DIRECTION ( 'NONE',  ( 0.0000000000000000000, 0.0000000000000000000, 1.000000000000000000 ) ) ;
#1011 = VERTEX_POINT ( 'NONE', #1727 ) ;
#1012 = ADVANCED_FACE ( 'NONE', ( #1764 ), #1048, .T. ) ;
#1013 = CARTESIAN_POINT ( 'NONE',  ( -3.350000000000000089, 5.000000000000000000, -3.450000000000000178 ) ) ;
#1014 = ORIENTED_EDGE ( 'NONE', *, *, #765, .F. ) ;
#1015 = EDGE_CURVE ( 'NONE', #869, #1133, #730, .T. ) ;
#1016 = EDGE_LOOP ( 'NONE', ( #1145, #1535, #69, #5 ) ) ;
#1017 = CARTESIAN_POINT ( 'NONE',  ( 0.0000000000000000000, 0.0000000000000000000, 0.0000000000000000000 ) ) ;
#1018 = ORIENTED_EDGE ( 'NONE', *, *, #1761, .T. ) ;
#1019 = PLANE ( 'NONE',  #383 ) ;
#1020 = ORIENTED_EDGE ( 'NONE', *, *, #25, .T. ) ;
#1021 = PLANE ( 'NONE',  #1312 ) ;
#1022 = LINE ( 'NONE', #1438, #1077 ) ;
#1023 = VECTOR ( 'NONE', #1677, 1000.000000000000000 ) ;
#1024 = CARTESIAN_POINT ( 'NONE',  ( -1.199999999999998401, 0.4499999999999994560, -3.399999999999999467 ) ) ;
#1025 = FACE_OUTER_BOUND ( 'NONE', #1529, .T. ) ;
#1026 = EDGE_CURVE ( 'NONE', #27, #1038, #572, .T. ) ;
#1027 = PLANE ( 'NONE',  #936 ) ;
#1028 = VECTOR ( 'NONE', #1667, 1000.000000000000000 ) ;
#1029 = AXIS2_PLACEMENT_3D ( 'NONE', #1753, #391, #273 ) ;
#1030 = CARTESIAN_POINT ( 'NONE',  ( 2.900000000000005240, 5.000000000000000000, -2.899999999999992806 ) ) ;
#1031 = AXIS2_PLACEMENT_3D ( 'NONE', #1202, #791, #1586 ) ;
#1032 = CARTESIAN_POINT ( 'NONE',  ( -2.850000000000000089, 0.1000000000000011297, -2.950000000000000178 ) ) ;
#1033 = ORIENTED_EDGE ( 'NONE', *, *, #376, .F. ) ;
#1034 = CARTESIAN_POINT ( 'NONE',  ( 1.200000000000001066, 4.299999999999999822, 3.799999999999999378 ) ) ;
#1035 = ORIENTED_EDGE ( 'NONE', *, *, #1007, .T. ) ;
#1036 = EDGE_CURVE ( 'NONE', #1143, #1038, #768, .T. ) ;
#1037 = EDGE_LOOP ( 'NONE', ( #1539, #434, #111, #1552 ) ) ;
#1038 = VERTEX_POINT ( 'NONE', #357 ) ;
#1039 = CARTESIAN_POINT ( 'NONE',  ( 1.200000000000001066, 0.4499999999999993450, 3.799999999999999378 ) ) ;
#1040 = DIRECTION ( 'NONE',  ( -1.000000000000000000, 0.0000000000000000000, 0.0000000000000000000 ) ) ;
#1041 = LINE ( 'NONE', #980, #1023 ) ;
#1042 = LINE ( 'NONE', #247, #1564 ) ;
#1043 = VECTOR ( 'NONE', #1578, 1000.000000000000000 ) ;
#1044 = CARTESIAN_POINT ( 'NONE',  ( 1.602072594216366719, 0.1000000000000003803, -5.431161275615896677 ) ) ;
#1045 = LINE ( 'NONE', #64, #300 ) ;
#1046 = DIRECTION ( 'NONE',  ( -1.000000000000000000, -0.0000000000000000000, -0.0000000000000000000 ) ) ;
#1047 = EDGE_CURVE ( 'NONE', #864, #1759, #1398, .T. ) ;
#1048 = PLANE ( 'NONE',  #1702 ) ;
#1049 = AXIS2_PLACEMENT_3D ( 'NONE', #529, #1486, #948 ) ;
#1050 = ORIENTED_EDGE ( 'NONE', *, *, #222, .F. ) ;
#1051 = ORIENTED_EDGE ( 'NONE', *, *, #1525, .T. ) ;
#1052 = CARTESIAN_POINT ( 'NONE',  ( -1.602072594216366053, 0.09999999999999999167, 3.450000000000000178 ) ) ;
#1053 = ORIENTED_EDGE ( 'NONE', *, *, #1273, .F. ) ;
#1054 = ORIENTED_EDGE ( 'NONE', *, *, #1421, .T. ) ;
#1055 = EDGE_CURVE ( 'NONE', #291, #430, #899, .T. ) ;
#1056 = LINE ( 'NONE', #405, #1541 ) ;
#1057 = CYLINDRICAL_SURFACE ( 'NONE', #570, 0.4500000000000002887 ) ;
#1058 = LINE ( 'NONE', #990, #1005 ) ;
#1059 = DIRECTION ( 'NONE',  ( -1.000000000000000000, 0.0000000000000000000, 0.0000000000000000000 ) ) ;
#1060 = LINE ( 'NONE', #1463, #705 ) ;
#1061 = FACE_OUTER_BOUND ( 'NONE', #158, .T. ) ;
#1062 = DIRECTION ( 'NONE',  ( 0.0000000000000000000, 0.0000000000000000000, -1.000000000000000000 ) ) ;
#1063 = PLANE ( 'NONE',  #1049 ) ;
#1064 = EDGE_CURVE ( 'NONE', #1386, #1492, #638, .T. ) ;
#1065 = DIRECTION ( 'NONE',  ( 0.4999999999999978906, 0.8660254037844398178, 0.0000000000000000000 ) ) ;
#1066 = FILL_AREA_STYLE ('',( #1339 ) ) ;
#1067 = AXIS2_PLACEMENT_3D ( 'NONE', #1032, #914, #901 ) ;
#1068 = DIRECTION ( 'NONE',  ( 0.0000000000000000000, -1.000000000000000000, -8.673617379884013384E-15 ) ) ;
#1069 = CARTESIAN_POINT ( 'NONE',  ( 3.350000000000000089, 0.09999999999999999167, 3.450000000000000178 ) ) ;
#1070 = DIRECTION ( 'NONE',  ( -0.0000000000000000000, 1.000000000000000000, -0.0000000000000000000 ) ) ;
#1071 = ORIENTED_EDGE ( 'NONE', *, *, #1581, .F. ) ;
#1072 = CARTESIAN_POINT ( 'NONE',  ( 1.200000000000001510, 0.3999999999999993006, 3.349999999999999645 ) ) ;
#1073 = VERTEX_POINT ( 'NONE', #1186 ) ;
#1074 = ORIENTED_EDGE ( 'NONE', *, *, #903, .T. ) ;
#1075 = DIRECTION ( 'NONE',  ( 0.0000000000000000000, 0.0000000000000000000, -1.000000000000000000 ) ) ;
#1076 =( LENGTH_UNIT ( ) NAMED_UNIT ( * ) SI_UNIT ( .MILLI., .METRE. ) );
#1077 = VECTOR ( 'NONE', #80, 1000.000000000000000 ) ;
#1078 = DIRECTION ( 'NONE',  ( 0.0000000000000000000, 0.0000000000000000000, 1.000000000000000000 ) ) ;
#1079 = VECTOR ( 'NONE', #1097, 1000.000000000000000 ) ;
#1080 = CARTESIAN_POINT ( 'NONE',  ( -1.199999999999998401, 4.299999999999999822, 3.399999999999999467 ) ) ;
#1081 = CARTESIAN_POINT ( 'NONE',  ( 1.200000000000001510, 0.4000000000000000222, 2.299999999999999822 ) ) ;
#1082 = FACE_OUTER_BOUND ( 'NONE', #698, .T. ) ;
#1083 = CARTESIAN_POINT ( 'NONE',  ( -1.199999999999998401, 5.000000000000000000, 3.450000000000000178 ) ) ;
#1084 = ORIENTED_EDGE ( 'NONE', *, *, #1670, .T. ) ;
#1085 = EDGE_CURVE ( 'NONE', #1322, #303, #1148, .T. ) ;
#1086 = ORIENTED_EDGE ( 'NONE', *, *, #765, .T. ) ;
#1087 = DIRECTION ( 'NONE',  ( -1.000000000000000000, -0.0000000000000000000, -0.0000000000000000000 ) ) ;
#1088 = DIRECTION ( 'NONE',  ( -1.000000000000000000, 0.0000000000000000000, -1.807003620809173892E-16 ) ) ;
#1089 = ORIENTED_EDGE ( 'NONE', *, *, #1003, .F. ) ;
#1090 = EDGE_CURVE ( 'NONE', #761, #1073, #937, .T. ) ;
#1091 = VERTEX_POINT ( 'NONE', #362 ) ;
#1092 = ORIENTED_EDGE ( 'NONE', *, *, #903, .F. ) ;
#1093 = ORIENTED_EDGE ( 'NONE', *, *, #844, .F. ) ;
#1094 = SURFACE_STYLE_USAGE ( .BOTH. , #116 ) ;
#1095 = ORIENTED_EDGE ( 'NONE', *, *, #1273, .T. ) ;
#1096 = VERTEX_POINT ( 'NONE', #1716 ) ;
#1097 = DIRECTION ( 'NONE',  ( -0.0000000000000000000, 1.000000000000000000, -0.0000000000000000000 ) ) ;
#1098 = LINE ( 'NONE', #1740, #461 ) ;
#1099 = EDGE_CURVE ( 'NONE', #535, #762, #442, .T. ) ;
#1100 = DIRECTION ( 'NONE',  ( 0.0000000000000000000, 1.000000000000000000, 0.0000000000000000000 ) ) ;
#1101 = ADVANCED_FACE ( 'NONE', ( #1002 ), #74, .F. ) ;
#1102 = AXIS2_PLACEMENT_3D ( 'NONE', #1305, #485, #1437 ) ;
#1103 = LINE ( 'NONE', #402, #551 ) ;
#1104 =( NAMED_UNIT ( * ) PLANE_ANGLE_UNIT ( ) SI_UNIT ( $, .RADIAN. ) );
#1105 = STYLED_ITEM ( 'NONE', ( #1294 ), #43 ) ;
#1106 = LINE ( 'NONE', #348, #1710 ) ;
#1107 = PLANE ( 'NONE',  #683 ) ;
#1108 = EDGE_LOOP ( 'NONE', ( #734, #931, #1200, #1414 ) ) ;
#1109 = DIRECTION ( 'NONE',  ( 1.000000000000000000, 0.0000000000000000000, 0.0000000000000000000 ) ) ;
#1110 = CARTESIAN_POINT ( 'NONE',  ( 1.602072594216366719, 0.1000000000000003803, -3.450000000000000178 ) ) ;
#1111 = SURFACE_SIDE_STYLE ('',( #836 ) ) ;
#1112 = ORIENTED_EDGE ( 'NONE', *, *, #1368, .T. ) ;
#1113 = AXIS2_PLACEMENT_3D ( 'NONE', #821, #1496, #696 ) ;
#1114 = DIRECTION ( 'NONE',  ( 0.0000000000000000000, -0.0000000000000000000, 1.000000000000000000 ) ) ;
#1115 = ORIENTED_EDGE ( 'NONE', *, *, #892, .T. ) ;
#1116 = MECHANICAL_DESIGN_GEOMETRIC_PRESENTATION_REPRESENTATION (  '', ( #757 ), #1155 ) ;
#1117 = VERTEX_POINT ( 'NONE', #1472 ) ;
#1118 = DIRECTION ( 'NONE',  ( 0.0000000000000000000, 0.0000000000000000000, 1.000000000000000000 ) ) ;
#1119 = ORIENTED_EDGE ( 'NONE', *, *, #775, .T. ) ;
#1120 = DIRECTION ( 'NONE',  ( 0.4999999999999978906, -0.8660254037844398178, -0.0000000000000000000 ) ) ;
#1121 = ADVANCED_FACE ( 'NONE', ( #212 ), #1739, .F. ) ;
#1122 = VECTOR ( 'NONE', #243, 1000.000000000000000 ) ;
#1123 = DIRECTION ( 'NONE',  ( 0.0000000000000000000, 1.000000000000000000, 2.551063935260011477E-16 ) ) ;
#1124 = CIRCLE ( 'NONE', #1481, 0.05000000000000012768 ) ;
#1125 = EDGE_CURVE ( 'NONE', #947, #1285, #119, .T. ) ;
#1126 = CIRCLE ( 'NONE', #208, 0.5000000000000000000 ) ;
#1127 = CYLINDRICAL_SURFACE ( 'NONE', #2, 0.4500000000000002887 ) ;
#1128 = DIRECTION ( 'NONE',  ( -1.668003342285391551E-16, 1.000000000000000000, -0.0000000000000000000 ) ) ;
#1129 = DIRECTION ( 'NONE',  ( -1.445602896647340149E-16, 0.0000000000000000000, -1.000000000000000000 ) ) ;
#1130 = ADVANCED_FACE ( 'NONE', ( #1762 ), #1229, .F. ) ;
#1131 = ORIENTED_EDGE ( 'NONE', *, *, #70, .F. ) ;
#1132 = CARTESIAN_POINT ( 'NONE',  ( -3.350000000000000089, 0.09999999999999999167, -3.450000000000000178 ) ) ;
#1133 = VERTEX_POINT ( 'NONE', #388 ) ;
#1134 = DIRECTION ( 'NONE',  ( 1.000000000000000000, 0.0000000000000000000, 0.0000000000000000000 ) ) ;
#1135 = CARTESIAN_POINT ( 'NONE',  ( 1.200000000000001066, 4.299999999999999822, 3.799999999999999378 ) ) ;
#1136 = EDGE_CURVE ( 'NONE', #1622, #1369, #1252, .T. ) ;
#1137 = DIRECTION ( 'NONE',  ( 0.0000000000000000000, 0.0000000000000000000, -1.000000000000000000 ) ) ;
#1138 = ORIENTED_EDGE ( 'NONE', *, *, #493, .T. ) ;
#1139 = DIRECTION ( 'NONE',  ( 0.0000000000000000000, 0.0000000000000000000, 1.000000000000000000 ) ) ;
#1140 = ADVANCED_FACE ( 'NONE', ( #1169 ), #1466, .F. ) ;
#1141 = ORIENTED_EDGE ( 'NONE', *, *, #1421, .F. ) ;
#1142 = CARTESIAN_POINT ( 'NONE',  ( 1.602072594216366719, 0.1000000000000003803, -3.450000000000000178 ) ) ;
#1143 = VERTEX_POINT ( 'NONE', #1755 ) ;
#1144 = PRODUCT_RELATED_PRODUCT_CATEGORY ( 'part', '', ( #1708 ) ) ;
#1145 = ORIENTED_EDGE ( 'NONE', *, *, #1550, .T. ) ;
#1146 = LINE ( 'NONE', #257, #873 ) ;
#1147 = DIRECTION ( 'NONE',  ( 1.000000000000000000, 0.0000000000000000000, 0.0000000000000000000 ) ) ;
#1148 = LINE ( 'NONE', #1296, #483 ) ;
#1149 = EDGE_CURVE ( 'NONE', #1091, #1515, #1042, .T. ) ;
#1150 = LINE ( 'NONE', #716, #278 ) ;
#1151 = EDGE_CURVE ( 'NONE', #1205, #73, #143, .T. ) ;
#1152 = LINE ( 'NONE', #1592, #484 ) ;
#1153 = CARTESIAN_POINT ( 'NONE',  ( -1.199999999999998623, 0.4000000000000000222, -2.300000000000000266 ) ) ;
#1154 = VECTOR ( 'NONE', #1010, 1000.000000000000000 ) ;
#1155 =( GEOMETRIC_REPRESENTATION_CONTEXT ( 3 ) GLOBAL_UNCERTAINTY_ASSIGNED_CONTEXT ( ( #287 ) ) GLOBAL_UNIT_ASSIGNED_CONTEXT ( ( #1420, #1706, #874 ) ) REPRESENTATION_CONTEXT ( 'NONE', 'WORKASPACE' ) );
#1156 = CARTESIAN_POINT ( 'NONE',  ( -3.350000000000000089, 0.4499999999999998446, -2.100000000000000533 ) ) ;
#1157 = ORIENTED_EDGE ( 'NONE', *, *, #1003, .T. ) ;
#1158 = PLANE ( 'NONE',  #145 ) ;
#1159 = DIRECTION ( 'NONE',  ( -0.0000000000000000000, -1.000000000000000000, -0.0000000000000000000 ) ) ;
#1160 = ORIENTED_EDGE ( 'NONE', *, *, #1603, .T. ) ;
#1161 = DIRECTION ( 'NONE',  ( 0.0000000000000000000, 1.000000000000000000, 0.0000000000000000000 ) ) ;
#1162 = EDGE_CURVE ( 'NONE', #1759, #907, #275, .T. ) ;
#1163 = ORIENTED_EDGE ( 'NONE', *, *, #506, .T. ) ;
#1164 = CARTESIAN_POINT ( 'NONE',  ( 1.200000000000001066, 5.000000000000000000, -3.450000000000000178 ) ) ;
#1165 = ORIENTED_EDGE ( 'NONE', *, *, #1280, .F. ) ;
#1166 = AXIS2_PLACEMENT_3D ( 'NONE', #516, #533, #928 ) ;
#1167 = DIRECTION ( 'NONE',  ( 0.0000000000000000000, 0.0000000000000000000, 1.000000000000000000 ) ) ;
#1168 = ORIENTED_EDGE ( 'NONE', *, *, #741, .F. ) ;
#1169 = FACE_OUTER_BOUND ( 'NONE', #673, .T. ) ;
#1170 = EDGE_CURVE ( 'NONE', #1322, #652, #1544, .T. ) ;
#1171 = CARTESIAN_POINT ( 'NONE',  ( 2.350000000000000533, 0.1000000000000011297, -3.450000000000000622 ) ) ;
#1172 = LINE ( 'NONE', #1217, #486 ) ;
#1173 = PRESENTATION_LAYER_ASSIGNMENT (  '', '', ( #723 ) ) ;
#1174 = VECTOR ( 'NONE', #1109, 1000.000000000000000 ) ;
#1175 = DIRECTION ( 'NONE',  ( -1.000000000000000000, 0.0000000000000000000, 0.0000000000000000000 ) ) ;
#1176 = ORIENTED_EDGE ( 'NONE', *, *, #390, .F. ) ;
#1177 = ORIENTED_EDGE ( 'NONE', *, *, #518, .T. ) ;
#1178 = CARTESIAN_POINT ( 'NONE',  ( 2.850000000000000089, 0.1000000000000002554, 2.950000000000000622 ) ) ;
#1179 = ORIENTED_EDGE ( 'NONE', *, *, #1225, .F. ) ;
#1180 = EDGE_CURVE ( 'NONE', #1218, #1492, #168, .T. ) ;
#1181 = CARTESIAN_POINT ( 'NONE',  ( 1.200000000000001066, -8.673617379884035472E-16, 3.399999999999999467 ) ) ;
#1182 = ORIENTED_EDGE ( 'NONE', *, *, #1085, .T. ) ;
#1183 = EDGE_CURVE ( 'NONE', #27, #916, #192, .T. ) ;
#1184 = ORIENTED_EDGE ( 'NONE', *, *, #322, .T. ) ;
#1185 = ORIENTED_EDGE ( 'NONE', *, *, #272, .T. ) ;
#1186 = CARTESIAN_POINT ( 'NONE',  ( 2.350000000000000977, 5.000000000000000000, -3.450000000000000178 ) ) ;
#1187 = LINE ( 'NONE', #491, #33 ) ;
#1188 = VECTOR ( 'NONE', #1167, 1000.000000000000000 ) ;
#1189 = LINE ( 'NONE', #1645, #375 ) ;
#1190 = DIRECTION ( 'NONE',  ( 1.000000000000000000, -0.0000000000000000000, -0.0000000000000000000 ) ) ;
#1191 = LINE ( 'NONE', #1475, #1587 ) ;
#1192 = PLANE ( 'NONE',  #253 ) ;
#1193 = EDGE_CURVE ( 'NONE', #27, #221, #1519, .T. ) ;
#1194 = DIRECTION ( 'NONE',  ( -1.668003342285391551E-16, 1.000000000000000000, -0.0000000000000000000 ) ) ;
#1195 = ORIENTED_EDGE ( 'NONE', *, *, #215, .T. ) ;
#1196 =( GEOMETRIC_REPRESENTATION_CONTEXT ( 3 ) GLOBAL_UNCERTAINTY_ASSIGNED_CONTEXT ( ( #703 ) ) GLOBAL_UNIT_ASSIGNED_CONTEXT ( ( #1224, #1104, #294 ) ) REPRESENTATION_CONTEXT ( 'NONE', 'WORKASPACE' ) );
#1197 = CARTESIAN_POINT ( 'NONE',  ( 1.200000000000001510, 0.4499999999999994560, 3.349999999999999201 ) ) ;
#1198 = CARTESIAN_POINT ( 'NONE',  ( 1.200000000000001510, 0.3999999999999993006, 3.349999999999999645 ) ) ;
#1199 = CARTESIAN_POINT ( 'NONE',  ( -1.199999999999998401, 0.4000000000000000222, -3.799999999999999378 ) ) ;
#1200 = ORIENTED_EDGE ( 'NONE', *, *, #322, .F. ) ;
#1201 = ORIENTED_EDGE ( 'NONE', *, *, #1540, .T. ) ;
#1202 = CARTESIAN_POINT ( 'NONE',  ( 1.425000000000000044, 4.899999999999999467, 1.475000000000000311 ) ) ;
#1203 = EDGE_CURVE ( 'NONE', #918, #1743, #728, .T. ) ;
#1204 = DIRECTION ( 'NONE',  ( 0.0000000000000000000, 0.0000000000000000000, 1.000000000000000000 ) ) ;
#1205 = VERTEX_POINT ( 'NONE', #395 ) ;
#1206 = EDGE_LOOP ( 'NONE', ( #825, #306, #1303, #625 ) ) ;
#1207 = AXIS2_PLACEMENT_3D ( 'NONE', #1484, #681, #1626 ) ;
#1208 = FACE_BOUND ( 'NONE', #1715, .T. ) ;
#1209 = FACE_OUTER_BOUND ( 'NONE', #1644, .T. ) ;
#1210 = AXIS2_PLACEMENT_3D ( 'NONE', #476, #738, #1139 ) ;
#1211 = CARTESIAN_POINT ( 'NONE',  ( 1.200000000000001510, 0.0000000000000000000, -2.299999999999999822 ) ) ;
#1212 = CIRCLE ( 'NONE', #1166, 0.3500000000000000333 ) ;
#1213 = DIRECTION ( 'NONE',  ( -1.000000000000000000, 0.0000000000000000000, 1.807003620809173892E-16 ) ) ;
#1214 = CARTESIAN_POINT ( 'NONE',  ( -2.850000000000000089, 5.000000000000000000, 3.450000000000000178 ) ) ;
#1215 = VECTOR ( 'NONE', #805, 1000.000000000000000 ) ;
#1216 = STYLED_ITEM ( 'NONE', ( #489 ), #63 ) ;
#1217 = CARTESIAN_POINT ( 'NONE',  ( 0.4500000000000063949, 2.095448267190430869, 3.049999999999993605 ) ) ;
#1218 = VERTEX_POINT ( 'NONE', #806 ) ;
#1219 = DIRECTION ( 'NONE',  ( 0.0000000000000000000, 1.000000000000000000, 0.0000000000000000000 ) ) ;
#1220 = ORIENTED_EDGE ( 'NONE', *, *, #376, .T. ) ;
#1221 = ORIENTED_EDGE ( 'NONE', *, *, #1183, .T. ) ;
#1222 = CARTESIAN_POINT ( 'NONE',  ( 7.228014483236697048E-17, 4.299999999999999822, 3.799999999999999378 ) ) ;
#1223 = ORIENTED_EDGE ( 'NONE', *, *, #285, .F. ) ;
#1224 =( LENGTH_UNIT ( ) NAMED_UNIT ( * ) SI_UNIT ( .MILLI., .METRE. ) );
#1225 = EDGE_CURVE ( 'NONE', #608, #722, #1212, .T. ) ;
#1226 = ORIENTED_EDGE ( 'NONE', *, *, #14, .F. ) ;
#1227 = AXIS2_PLACEMENT_3D ( 'NONE', #1415, #465, #1147 ) ;
#1228 = VECTOR ( 'NONE', #384, 1000.000000000000000 ) ;
#1229 = CYLINDRICAL_SURFACE ( 'NONE', #615, 0.05000000000000012768 ) ;
#1230 = CARTESIAN_POINT ( 'NONE',  ( -1.199999999999998401, 0.4499999999999994560, 3.399999999999999467 ) ) ;
#1231 = DIRECTION ( 'NONE',  ( 0.0000000000000000000, 0.0000000000000000000, 1.000000000000000000 ) ) ;
#1232 = LINE ( 'NONE', #1244, #398 ) ;
#1233 = MANIFOLD_SOLID_BREP ( 'Cut-Extrude3', #435 ) ;
#1234 = VECTOR ( 'NONE', #122, 1000.000000000000000 ) ;
#1235 = LINE ( 'NONE', #1705, #1215 ) ;
#1236 = EDGE_CURVE ( 'NONE', #51, #1322, #830, .T. ) ;
#1237 = DIRECTION ( 'NONE',  ( -1.000000000000000000, 0.0000000000000000000, 0.0000000000000000000 ) ) ;
#1238 = DIRECTION ( 'NONE',  ( 1.000000000000000000, 0.0000000000000000000, 0.0000000000000000000 ) ) ;
#1239 =( LENGTH_UNIT ( ) NAMED_UNIT ( * ) SI_UNIT ( .MILLI., .METRE. ) );
#1240 = EDGE_CURVE ( 'NONE', #1737, #916, #36, .T. ) ;
#1241 = ORIENTED_EDGE ( 'NONE', *, *, #1773, .T. ) ;
#1242 = AXIS2_PLACEMENT_3D ( 'NONE', #1375, #750, #1703 ) ;
#1243 = VERTEX_POINT ( 'NONE', #6 ) ;
#1244 = CARTESIAN_POINT ( 'NONE',  ( -3.350000000000000089, 0.09999999999999999167, 1.897927405783632393 ) ) ;
#1245 = ADVANCED_FACE ( 'NONE', ( #505 ), #1623, .F. ) ;
#1246 = ORIENTED_EDGE ( 'NONE', *, *, #1616, .T. ) ;
#1247 = ORIENTED_EDGE ( 'NONE', *, *, #1258, .F. ) ;
#1248 = PLANE ( 'NONE',  #1570 ) ;
#1249 = CARTESIAN_POINT ( 'NONE',  ( -1.199999999999998623, 0.0000000000000000000, -2.300000000000000266 ) ) ;
#1250 = EDGE_CURVE ( 'NONE', #1283, #1692, #76, .T. ) ;
#1251 = CARTESIAN_POINT ( 'NONE',  ( 1.200000000000001510, 2.001604010742472227E-16, -3.799999999999999378 ) ) ;
#1252 = LINE ( 'NONE', #1328, #1502 ) ;
#1253 = ADVANCED_FACE ( 'NONE', ( #1291 ), #807, .F. ) ;
#1254 = CARTESIAN_POINT ( 'NONE',  ( -1.199999999999998401, 5.000000000000000000, -3.450000000000000178 ) ) ;
#1255 = LINE ( 'NONE', #178, #1154 ) ;
#1256 = CARTESIAN_POINT ( 'NONE',  ( -1.199999999999998401, 0.4499999999999994560, -3.349999999999999201 ) ) ;
#1257 = SURFACE_STYLE_FILL_AREA ( #1066 ) ;
#1258 = EDGE_CURVE ( 'NONE', #125, #179, #1274, .T. ) ;
#1259 = ORIENTED_EDGE ( 'NONE', *, *, #38, .T. ) ;
#1260 = DIRECTION ( 'NONE',  ( 0.0000000000000000000, 0.0000000000000000000, -1.000000000000000000 ) ) ;
#1261 = ADVANCED_FACE ( 'NONE', ( #548 ), #1326, .T. ) ;
#1262 = EDGE_LOOP ( 'NONE', ( #456, #1598, #1054, #718 ) ) ;
#1263 = ORIENTED_EDGE ( 'NONE', *, *, #1047, .F. ) ;
#1264 = CARTESIAN_POINT ( 'NONE',  ( 7.228014483236697048E-17, 0.0000000000000000000, -3.799999999999999378 ) ) ;
#1265 = CLOSED_SHELL ( 'NONE', ( #423, #1662, #1511, #1012, #1101, #852, #1402, #302, #1130, #575, #1385, #187, #307, #156 ) ) ;
#1266 = DIRECTION ( 'NONE',  ( -0.0000000000000000000, 1.000000000000000000, -0.0000000000000000000 ) ) ;
#1267 = ORIENTED_EDGE ( 'NONE', *, *, #1540, .F. ) ;
#1268 = ORIENTED_EDGE ( 'NONE', *, *, #865, .T. ) ;
#1269 = DIRECTION ( 'NONE',  ( 0.0000000000000000000, 0.0000000000000000000, -1.000000000000000000 ) ) ;
#1270 = VECTOR ( 'NONE', #571, 1000.000000000000000 ) ;
#1271 = ADVANCED_FACE ( 'NONE', ( #256 ), #1057, .T. ) ;
#1272 = CARTESIAN_POINT ( 'NONE',  ( -3.350000000000000089, 5.000000000000000000, -3.450000000000000178 ) ) ;
#1273 = EDGE_CURVE ( 'NONE', #1719, #414, #636, .T. ) ;
#1274 = LINE ( 'NONE', #420, #463 ) ;
#1275 = DIRECTION ( 'NONE',  ( 1.807003620809173892E-16, -0.0000000000000000000, 1.000000000000000000 ) ) ;
#1276 = VECTOR ( 'NONE', #583, 1000.000000000000000 ) ;
#1277 = FACE_OUTER_BOUND ( 'NONE', #269, .T. ) ;
#1278 = CARTESIAN_POINT ( 'NONE',  ( 7.228014483236697048E-17, 0.0000000000000000000, -3.399999999999999467 ) ) ;
#1279 = LINE ( 'NONE', #393, #42 ) ;
#1280 = EDGE_CURVE ( 'NONE', #216, #1453, #481, .T. ) ;
#1281 = VERTEX_POINT ( 'NONE', #546 ) ;
#1282 = PLANE ( 'NONE',  #906 ) ;
#1283 = VERTEX_POINT ( 'NONE', #1362 ) ;
#1284 = CARTESIAN_POINT ( 'NONE',  ( -2.850000000000000089, 0.09999999999999999167, -3.450000000000000178 ) ) ;
#1285 = VERTEX_POINT ( 'NONE', #1500 ) ;
#1286 = ORIENTED_EDGE ( 'NONE', *, *, #1203, .F. ) ;
#1287 = VECTOR ( 'NONE', #121, 1000.000000000000000 ) ;
#1288 = PLANE ( 'NONE',  #418 ) ;
#1289 = FACE_OUTER_BOUND ( 'NONE', #1722, .T. ) ;
#1290 = CARTESIAN_POINT ( 'NONE',  ( 3.350000000000000089, 5.000000000000000000, -3.450000000000000178 ) ) ;
#1291 = FACE_OUTER_BOUND ( 'NONE', #67, .T. ) ;
#1292 = FACE_OUTER_BOUND ( 'NONE', #1338, .T. ) ;
#1293 = DIRECTION ( 'NONE',  ( 0.0000000000000000000, -1.000000000000000000, -8.673617379884013384E-15 ) ) ;
#1294 = PRESENTATION_STYLE_ASSIGNMENT (( #148 ) ) ;
#1295 = FACE_OUTER_BOUND ( 'NONE', #1594, .T. ) ;
#1296 = CARTESIAN_POINT ( 'NONE',  ( 1.200000000000001510, 2.001604010742472227E-16, 3.799999999999999378 ) ) ;
#1297 = DIRECTION ( 'NONE',  ( 0.0000000000000000000, -1.000000000000000000, 8.673617379884013384E-15 ) ) ;
#1298 = ORIENTED_EDGE ( 'NONE', *, *, #518, .F. ) ;
#1299 = EDGE_LOOP ( 'NONE', ( #1479, #967, #796, #1712, #204, #562 ) ) ;
#1300 = PLANE ( 'NONE',  #428 ) ;
#1301 = ORIENTED_EDGE ( 'NONE', *, *, #1379, .F. ) ;
#1302 = DIRECTION ( 'NONE',  ( 0.0000000000000000000, -0.8660254037844395958, 0.4999999999999981681 ) ) ;
#1303 = ORIENTED_EDGE ( 'NONE', *, *, #1431, .T. ) ;
#1304 = LINE ( 'NONE', #1538, #591 ) ;
#1305 = CARTESIAN_POINT ( 'NONE',  ( 1.200000000000001510, 0.4000000000000000222, -2.299999999999999822 ) ) ;
#1306 = PRESENTATION_STYLE_ASSIGNMENT (( #677 ) ) ;
#1307 = CARTESIAN_POINT ( 'NONE',  ( 3.350000000000000089, 5.000000000000000000, -3.450000000000000178 ) ) ;
#1308 = EDGE_CURVE ( 'NONE', #907, #1320, #117, .T. ) ;
#1309 = LINE ( 'NONE', #328, #1503 ) ;
#1310 = CARTESIAN_POINT ( 'NONE',  ( -2.850000000000000089, 5.000000000000000000, -3.450000000000000178 ) ) ;
#1311 = PRESENTATION_STYLE_ASSIGNMENT (( #1094 ) ) ;
#1312 = AXIS2_PLACEMENT_3D ( 'NONE', #1156, #1426, #1302 ) ;
#1313 = VECTOR ( 'NONE', #1213, 1000.000000000000000 ) ;
#1314 = CARTESIAN_POINT ( 'NONE',  ( 1.425000000000000044, 5.989949493661167246, 1.475000000000000311 ) ) ;
#1315 = ORIENTED_EDGE ( 'NONE', *, *, #1225, .T. ) ;
#1316 = DIRECTION ( 'NONE',  ( 1.000000000000000000, 0.0000000000000000000, 0.0000000000000000000 ) ) ;
#1317 = ORIENTED_EDGE ( 'NONE', *, *, #797, .T. ) ;
#1318 = SURFACE_SIDE_STYLE ('',( #417 ) ) ;
#1319 = PLANE ( 'NONE',  #1596 ) ;
#1320 = VERTEX_POINT ( 'NONE', #966 ) ;
#1321 = EDGE_CURVE ( 'NONE', #1738, #133, #1726, .T. ) ;
#1322 = VERTEX_POINT ( 'NONE', #147 ) ;
#1323 = CARTESIAN_POINT ( 'NONE',  ( 1.200000000000001510, 0.3999999999999993006, -3.349999999999999645 ) ) ;
#1324 = LINE ( 'NONE', #351, #254 ) ;
#1325 = DIRECTION ( 'NONE',  ( 0.0000000000000000000, 0.0000000000000000000, 1.000000000000000000 ) ) ;
#1326 = CYLINDRICAL_SURFACE ( 'NONE', #604, 0.5000000000000000000 ) ;
#1327 = FACE_OUTER_BOUND ( 'NONE', #1758, .T. ) ;
#1328 = CARTESIAN_POINT ( 'NONE',  ( -3.350000000000000089, 0.4499999999999998446, -2.100000000000000533 ) ) ;
#1329 = FACE_OUTER_BOUND ( 'NONE', #1742, .T. ) ;
#1330 = EDGE_CURVE ( 'NONE', #913, #739, #701, .T. ) ;
#1331 = DIRECTION ( 'NONE',  ( 0.0000000000000000000, 0.0000000000000000000, 1.000000000000000000 ) ) ;
#1332 = FACE_OUTER_BOUND ( 'NONE', #429, .T. ) ;
#1333 = ORIENTED_EDGE ( 'NONE', *, *, #1670, .F. ) ;
#1334 = AXIS2_PLACEMENT_3D ( 'NONE', #644, #513, #1588 ) ;
#1335 = DIRECTION ( 'NONE',  ( 0.0000000000000000000, 0.0000000000000000000, -1.000000000000000000 ) ) ;
#1336 = CARTESIAN_POINT ( 'NONE',  ( 3.350000000000000089, 0.09999999999999999167, 1.897927405783632393 ) ) ;
#1337 = CARTESIAN_POINT ( 'NONE',  ( 1.425000000000000044, 5.000000000000000000, 1.825000000000000400 ) ) ;
#1338 = EDGE_LOOP ( 'NONE', ( #1668, #1476, #667, #1084 ) ) ;
#1339 = FILL_AREA_STYLE_COLOUR ( '', #622 ) ;
#1340 = ORIENTED_EDGE ( 'NONE', *, *, #1525, .F. ) ;
#1341 = CARTESIAN_POINT ( 'NONE',  ( 1.425000000000000044, 4.899999999999999467, 1.475000000000000311 ) ) ;
#1342 = EDGE_CURVE ( 'NONE', #226, #1243, #655, .T. ) ;
#1343 = VERTEX_POINT ( 'NONE', #151 ) ;
#1344 = CARTESIAN_POINT ( 'NONE',  ( -1.602072594216366053, 0.09999999999999999167, -3.450000000000000178 ) ) ;
#1345 = ORIENTED_EDGE ( 'NONE', *, *, #1026, .T. ) ;
#1346 = AXIS2_PLACEMENT_3D ( 'NONE', #472, #203, #910 ) ;
#1347 = CARTESIAN_POINT ( 'NONE',  ( -1.199999999999998401, 0.3999999999999993006, 3.349999999999999645 ) ) ;
#1348 = ORIENTED_EDGE ( 'NONE', *, *, #926, .F. ) ;
#1349 = AXIS2_PLACEMENT_3D ( 'NONE', #262, #1767, #1474 ) ;
#1350 = DIRECTION ( 'NONE',  ( -0.0000000000000000000, 1.000000000000000000, -0.0000000000000000000 ) ) ;
#1351 = COLOUR_RGB ( '',0.5019607843137254832, 0.5019607843137254832, 0.5019607843137254832 ) ;
#1352 = DIRECTION ( 'NONE',  ( -0.0000000000000000000, -1.000000000000000000, -0.0000000000000000000 ) ) ;
#1353 = FACE_OUTER_BOUND ( 'NONE', #688, .T. ) ;
#1354 = FACE_OUTER_BOUND ( 'NONE', #1016, .T. ) ;
#1355 = UNCERTAINTY_MEASURE_WITH_UNIT (LENGTH_MEASURE( 1.000000000000000082E-05 ), #130, 'distance_accuracy_value', 'NONE');
#1356 = AXIS2_PLACEMENT_3D ( 'NONE', #419, #979, #159 ) ;
#1357 = PLANE ( 'NONE',  #870 ) ;
#1358 = VERTEX_POINT ( 'NONE', #1367 ) ;
#1359 = PLANE ( 'NONE',  #531 ) ;
#1360 = CARTESIAN_POINT ( 'NONE',  ( -3.350000000000000089, 0.09999999999999999167, 3.450000000000000178 ) ) ;
#1361 = ORIENTED_EDGE ( 'NONE', *, *, #563, .T. ) ;
#1362 = CARTESIAN_POINT ( 'NONE',  ( 1.200000000000001066, 4.299999999999999822, 3.399999999999999467 ) ) ;
#1363 = EDGE_LOOP ( 'NONE', ( #1177, #823, #270, #1497 ) ) ;
#1364 = DIRECTION ( 'NONE',  ( 0.0000000000000000000, 0.0000000000000000000, 1.000000000000000000 ) ) ;
#1365 = ORIENTED_EDGE ( 'NONE', *, *, #656, .F. ) ;
#1366 = ORIENTED_EDGE ( 'NONE', *, *, #578, .F. ) ;
#1367 = CARTESIAN_POINT ( 'NONE',  ( 3.350000000000000089, 0.09999999999999986677, 2.950000000000000622 ) ) ;
#1368 = EDGE_CURVE ( 'NONE', #179, #22, #1124, .T. ) ;
#1369 = VERTEX_POINT ( 'NONE', #839 ) ;
#1370 = CARTESIAN_POINT ( 'NONE',  ( -3.350000000000000089, 5.000000000000000000, -2.950000000000000178 ) ) ;
#1371 = PRESENTATION_LAYER_ASSIGNMENT (  '', '', ( #757 ) ) ;
#1372 = FACE_OUTER_BOUND ( 'NONE', #600, .T. ) ;
#1373 = LINE ( 'NONE', #1382, #229 ) ;
#1374 = ADVANCED_FACE ( 'NONE', ( #75 ), #1650, .F. ) ;
#1375 = CARTESIAN_POINT ( 'NONE',  ( 1.200000000000000844, 4.299999999999999822, 3.799999999999999378 ) ) ;
#1376 = VECTOR ( 'NONE', #340, 1000.000000000000000 ) ;
#1377 = CYLINDRICAL_SURFACE ( 'NONE', #1562, 0.05000000000000012768 ) ;
#1378 = FACE_OUTER_BOUND ( 'NONE', #670, .T. ) ;
#1379 = EDGE_CURVE ( 'NONE', #1320, #1281, #1701, .T. ) ;
#1380 = DIRECTION ( 'NONE',  ( 0.0000000000000000000, 0.0000000000000000000, -1.000000000000000000 ) ) ;
#1381 = VERTEX_POINT ( 'NONE', #1663 ) ;
#1382 = CARTESIAN_POINT ( 'NONE',  ( -1.199999999999998401, 4.299999999999999822, 3.799999999999999378 ) ) ;
#1383 = AXIS2_PLACEMENT_3D ( 'NONE', #586, #733, #1675 ) ;
#1384 = DIRECTION ( 'NONE',  ( -0.0000000000000000000, -0.0000000000000000000, -1.000000000000000000 ) ) ;
#1385 = ADVANCED_FACE ( 'NONE', ( #1209 ), #999, .F. ) ;
#1386 = VERTEX_POINT ( 'NONE', #1110 ) ;
#1387 = AXIS2_PLACEMENT_3D ( 'NONE', #255, #933, #943 ) ;
#1388 = CARTESIAN_POINT ( 'NONE',  ( 1.200000000000000844, 4.299999999999999822, -3.799999999999999378 ) ) ;
#1389 = VERTEX_POINT ( 'NONE', #1518 ) ;
#1390 = CARTESIAN_POINT ( 'NONE',  ( 1.200000000000001510, 0.0000000000000000000, -2.299999999999999822 ) ) ;
#1391 = ORIENTED_EDGE ( 'NONE', *, *, #955, .T. ) ;
#1392 = CARTESIAN_POINT ( 'NONE',  ( 2.350000000000000977, 0.1000000000000002276, -3.450000000000000178 ) ) ;
#1393 = ORIENTED_EDGE ( 'NONE', *, *, #1183, .F. ) ;
#1394 = ADVANCED_FACE ( 'NONE', ( #1760 ), #1395, .T. ) ;
#1395 = PLANE ( 'NONE',  #986 ) ;
#1396 = MECHANICAL_DESIGN_GEOMETRIC_PRESENTATION_REPRESENTATION (  '', ( #1216 ), #103 ) ;
#1397 = DIRECTION ( 'NONE',  ( -0.0000000000000000000, -0.0000000000000000000, -1.000000000000000000 ) ) ;
#1398 = LINE ( 'NONE', #1573, #789 ) ;
#1399 = LINE ( 'NONE', #457, #658 ) ;
#1400 = CARTESIAN_POINT ( 'NONE',  ( -1.199999999999998401, 5.000000000000000000, -3.450000000000000178 ) ) ;
#1401 = LINE ( 'NONE', #1411, #1028 ) ;
#1402 = ADVANCED_FACE ( 'NONE', ( #1748 ), #708, .F. ) ;
#1403 = ORIENTED_EDGE ( 'NONE', *, *, #222, .T. ) ;
#1404 = DIRECTION ( 'NONE',  ( 0.0000000000000000000, 1.000000000000000000, 0.0000000000000000000 ) ) ;
#1405 = ORIENTED_EDGE ( 'NONE', *, *, #427, .F. ) ;
#1406 = EDGE_CURVE ( 'NONE', #1759, #1515, #1041, .T. ) ;
#1407 = ORIENTED_EDGE ( 'NONE', *, *, #1732, .T. ) ;
#1408 = CARTESIAN_POINT ( 'NONE',  ( -1.199999999999998401, 0.4499999999999994560, 3.349999999999999201 ) ) ;
#1409 = DIRECTION ( 'NONE',  ( 1.000000000000000000, 0.0000000000000000000, -1.807003620809173892E-16 ) ) ;
#1410 = ORIENTED_EDGE ( 'NONE', *, *, #427, .T. ) ;
#1411 = CARTESIAN_POINT ( 'NONE',  ( -3.350000000000000089, 5.000000000000000000, -3.450000000000000178 ) ) ;
#1412 = ADVANCED_FACE ( 'NONE', ( #897 ), #581, .F. ) ;
#1413 = ORIENTED_EDGE ( 'NONE', *, *, #1473, .F. ) ;
#1414 = ORIENTED_EDGE ( 'NONE', *, *, #588, .T. ) ;
#1415 = CARTESIAN_POINT ( 'NONE',  ( -1.199999999999998401, -8.673617379884035472E-16, -3.399999999999999467 ) ) ;
#1416 = ORIENTED_EDGE ( 'NONE', *, *, #645, .T. ) ;
#1417 = EDGE_CURVE ( 'NONE', #907, #1091, #855, .T. ) ;
#1418 = DIRECTION ( 'NONE',  ( -1.000000000000000000, 0.0000000000000000000, 0.0000000000000000000 ) ) ;
#1419 = VECTOR ( 'NONE', #1350, 1000.000000000000000 ) ;
#1420 =( LENGTH_UNIT ( ) NAMED_UNIT ( * ) SI_UNIT ( .MILLI., .METRE. ) );
#1421 = EDGE_CURVE ( 'NONE', #1576, #1692, #1373, .T. ) ;
#1422 = VECTOR ( 'NONE', #1766, 1000.000000000000000 ) ;
#1423 = CARTESIAN_POINT ( 'NONE',  ( -3.350000000000000089, 0.4499999999999993450, 2.100000000000000089 ) ) ;
#1424 = FACE_OUTER_BOUND ( 'NONE', #1697, .T. ) ;
#1425 = AXIS2_PLACEMENT_3D ( 'NONE', #248, #1733, #921 ) ;
#1426 = DIRECTION ( 'NONE',  ( 0.0000000000000000000, 0.4999999999999982236, 0.8660254037844397068 ) ) ;
#1427 = VECTOR ( 'NONE', #1128, 1000.000000000000000 ) ;
#1428 = CARTESIAN_POINT ( 'NONE',  ( -1.399999999999998579, 0.4499999999999993450, -3.450000000000000178 ) ) ;
#1429 = CARTESIAN_POINT ( 'NONE',  ( -2.850000000000000089, 5.000000000000000000, -3.450000000000000178 ) ) ;
#1430 = ORIENTED_EDGE ( 'NONE', *, *, #554, .T. ) ;
#1431 = EDGE_CURVE ( 'NONE', #3, #308, #10, .T. ) ;
#1432 = DIRECTION ( 'NONE',  ( 0.0000000000000000000, -1.000000000000000000, 0.0000000000000000000 ) ) ;
#1433 = EDGE_LOOP ( 'NONE', ( #324, #1637, #802, #1446 ) ) ;
#1434 = CARTESIAN_POINT ( 'NONE',  ( 1.200000000000001066, 5.000000000000000000, 3.399999999999999467 ) ) ;
#1435 = ORIENTED_EDGE ( 'NONE', *, *, #1504, .T. ) ;
#1436 = ORIENTED_EDGE ( 'NONE', *, *, #1036, .F. ) ;
#1437 = DIRECTION ( 'NONE',  ( 1.000000000000000000, 0.0000000000000000000, 1.807003620809173892E-16 ) ) ;
#1438 = CARTESIAN_POINT ( 'NONE',  ( -1.199999999999998401, 0.4499999999999994560, 3.799999999999999378 ) ) ;
#1439 = VECTOR ( 'NONE', #1238, 1000.000000000000000 ) ;
#1440 = EDGE_CURVE ( 'NONE', #690, #430, #396, .T. ) ;
#1441 = DIRECTION ( 'NONE',  ( 0.7071067811865460184, -8.583701622420284356E-17, 0.7071067811865490160 ) ) ;
#1442 = VECTOR ( 'NONE', #1700, 1000.000000000000000 ) ;
#1443 = DIRECTION ( 'NONE',  ( 0.0000000000000000000, 0.0000000000000000000, -1.000000000000000000 ) ) ;
#1444 = LINE ( 'NONE', #1290, #1765 ) ;
#1445 = CARTESIAN_POINT ( 'NONE',  ( 1.425000000000000044, 5.000000000000000000, 1.475000000000000311 ) ) ;
#1446 = ORIENTED_EDGE ( 'NONE', *, *, #250, .T. ) ;
#1447 = EDGE_CURVE ( 'NONE', #1218, #1622, #675, .T. ) ;
#1448 = CARTESIAN_POINT ( 'NONE',  ( -1.199999999999998401, 0.4499999999999993450, 3.450000000000000178 ) ) ;
#1449 = ORIENTED_EDGE ( 'NONE', *, *, #1550, .F. ) ;
#1450 = CARTESIAN_POINT ( 'NONE',  ( -1.602072594216366053, 0.09999999999999999167, -5.431161275615896677 ) ) ;
#1451 = ORIENTED_EDGE ( 'NONE', *, *, #1514, .F. ) ;
#1452 = EDGE_CURVE ( 'NONE', #1471, #927, #978, .T. ) ;
#1453 = VERTEX_POINT ( 'NONE', #433 ) ;
#1454 = DIRECTION ( 'NONE',  ( 0.0000000000000000000, 0.0000000000000000000, 1.000000000000000000 ) ) ;
#1455 = ORIENTED_EDGE ( 'NONE', *, *, #25, .F. ) ;
#1456 = ORIENTED_EDGE ( 'NONE', *, *, #731, .F. ) ;
#1457 = VECTOR ( 'NONE', #956, 1000.000000000000000 ) ;
#1458 = CARTESIAN_POINT ( 'NONE',  ( 1.200000000000001066, 0.4500000000000001776, -3.399999999999999467 ) ) ;
#1459 = VECTOR ( 'NONE', #1190, 1000.000000000000000 ) ;
#1460 = CARTESIAN_POINT ( 'NONE',  ( 1.200000000000001510, 0.4000000000000000222, -2.299999999999999822 ) ) ;
#1461 = EDGE_CURVE ( 'NONE', #1, #226, #526, .T. ) ;
#1462 = CIRCLE ( 'NONE', #1210, 0.3500000000000000333 ) ;
#1463 = CARTESIAN_POINT ( 'NONE',  ( 1.200000000000000844, 4.299999999999999822, -3.399999999999999467 ) ) ;
#1464 = FACE_OUTER_BOUND ( 'NONE', #1744, .T. ) ;
#1465 = FACE_OUTER_BOUND ( 'NONE', #288, .T. ) ;
#1466 = PLANE ( 'NONE',  #1387 ) ;
#1467 = ORIENTED_EDGE ( 'NONE', *, *, #563, .F. ) ;
#1468 = CARTESIAN_POINT ( 'NONE',  ( 1.425000000000000044, 5.000000000000000000, 1.125000000000000444 ) ) ;
#1469 = MANIFOLD_SOLID_BREP ( 'Boss-Extrude3', #932 ) ;
#1470 = ORIENTED_EDGE ( 'NONE', *, *, #1015, .T. ) ;
#1471 = VERTEX_POINT ( 'NONE', #1254 ) ;
#1472 = CARTESIAN_POINT ( 'NONE',  ( -3.350000000000000089, 5.000000000000000000, 2.949999999999998845 ) ) ;
#1473 = EDGE_CURVE ( 'NONE', #1205, #492, #1304, .T. ) ;
#1474 = DIRECTION ( 'NONE',  ( 0.0000000000000000000, 0.0000000000000000000, 1.000000000000000000 ) ) ;
#1475 = CARTESIAN_POINT ( 'NONE',  ( -3.350000000000000089, 0.4499999999999990119, 3.450000000000000178 ) ) ;
#1476 = ORIENTED_EDGE ( 'NONE', *, *, #471, .F. ) ;
#1477 = AXIS2_PLACEMENT_3D ( 'NONE', #1278, #460, #599 ) ;
#1478 = ORIENTED_EDGE ( 'NONE', *, *, #709, .T. ) ;
#1479 = ORIENTED_EDGE ( 'NONE', *, *, #52, .F. ) ;
#1480 = DIRECTION ( 'NONE',  ( 0.0000000000000000000, 0.0000000000000000000, -1.000000000000000000 ) ) ;
#1481 = AXIS2_PLACEMENT_3D ( 'NONE', #1408, #1508, #1137 ) ;
#1482 = CARTESIAN_POINT ( 'NONE',  ( 2.850000000000000089, 0.1000000000000001027, 3.450000000000000178 ) ) ;
#1483 = CIRCLE ( 'NONE', #1334, 0.4500000000000002887 ) ;
#1484 = CARTESIAN_POINT ( 'NONE',  ( 1.602072594216366719, 0.1000000000000003803, -5.431161275615896677 ) ) ;
#1485 = VECTOR ( 'NONE', #46, 1000.000000000000000 ) ;
#1486 = DIRECTION ( 'NONE',  ( 0.8660254037844399289, -0.4999999999999979461, 0.0000000000000000000 ) ) ;
#1487 = EDGE_CURVE ( 'NONE', #22, #206, #164, .T. ) ;
#1488 = DIRECTION ( 'NONE',  ( -1.000000000000000000, 0.0000000000000000000, 0.0000000000000000000 ) ) ;
#1489 = VECTOR ( 'NONE', #37, 1000.000000000000000 ) ;
#1490 = CARTESIAN_POINT ( 'NONE',  ( 1.425000000000000044, 4.899999999999999467, 1.475000000000000311 ) ) ;
#1491 = EDGE_LOOP ( 'NONE', ( #329, #650 ) ) ;
#1492 = VERTEX_POINT ( 'NONE', #1657 ) ;
#1493 = DIRECTION ( 'NONE',  ( -1.000000000000000000, -0.0000000000000000000, -0.0000000000000000000 ) ) ;
#1494 = EDGE_CURVE ( 'NONE', #598, #1243, #210, .T. ) ;
#1495 = VERTEX_POINT ( 'NONE', #743 ) ;
#1496 = DIRECTION ( 'NONE',  ( 1.000000000000000000, 0.0000000000000000000, 0.0000000000000000000 ) ) ;
#1497 = ORIENTED_EDGE ( 'NONE', *, *, #554, .F. ) ;
#1498 = AXIS2_PLACEMENT_3D ( 'NONE', #311, #593, #318 ) ;
#1499 = CARTESIAN_POINT ( 'NONE',  ( 1.200000000000001066, 5.000000000000000000, 3.450000000000000178 ) ) ;
#1500 = CARTESIAN_POINT ( 'NONE',  ( -1.199999999999998623, 0.0000000000000000000, 2.300000000000000266 ) ) ;
#1501 = LINE ( 'NONE', #929, #394 ) ;
#1502 = VECTOR ( 'NONE', #654, 1000.000000000000000 ) ;
#1503 = VECTOR ( 'NONE', #747, 1000.000000000000000 ) ;
#1504 = EDGE_CURVE ( 'NONE', #3, #869, #1676, .T. ) ;
#1505 = VECTOR ( 'NONE', #1718, 1000.000000000000000 ) ;
#1506 = CARTESIAN_POINT ( 'NONE',  ( -1.602072594216366053, 0.09999999999999999167, 3.450000000000000178 ) ) ;
#1507 = ADVANCED_FACE ( 'NONE', ( #1289 ), #1158, .T. ) ;
#1508 = DIRECTION ( 'NONE',  ( -1.000000000000000000, -0.0000000000000000000, -0.0000000000000000000 ) ) ;
#1509 = EDGE_LOOP ( 'NONE', ( #136, #848, #246, #781 ) ) ;
#1510 = ORIENTED_EDGE ( 'NONE', *, *, #1693, .T. ) ;
#1511 = ADVANCED_FACE ( 'NONE', ( #274 ), #627, .F. ) ;
#1512 = ORIENTED_EDGE ( 'NONE', *, *, #1713, .T. ) ;
#1513 = CARTESIAN_POINT ( 'NONE',  ( -1.789999999999995817, -0.2254998149518618877, -1.710000000000002851 ) ) ;
#1514 = EDGE_CURVE ( 'NONE', #1320, #927, #1056, .T. ) ;
#1515 = VERTEX_POINT ( 'NONE', #1164 ) ;
#1516 = VECTOR ( 'NONE', #818, 1000.000000000000000 ) ;
#1517 = SURFACE_STYLE_FILL_AREA ( #621 ) ;
#1518 = CARTESIAN_POINT ( 'NONE',  ( 3.350000000000000089, 5.000000000000000000, 2.949999999999998845 ) ) ;
#1519 = LINE ( 'NONE', #512, #313 ) ;
#1520 = CARTESIAN_POINT ( 'NONE',  ( 1.399999999999999245, 0.4499999999999996780, -3.450000000000000178 ) ) ;
#1521 = VECTOR ( 'NONE', #514, 1000.000000000000114 ) ;
#1522 = ADVANCED_FACE ( 'NONE', ( #977 ), #1563, .F. ) ;
#1523 = FACE_OUTER_BOUND ( 'NONE', #389, .T. ) ;
#1524 = PLANE ( 'NONE',  #464 ) ;
#1525 = EDGE_CURVE ( 'NONE', #1143, #221, #416, .T. ) ;
#1526 = ORIENTED_EDGE ( 'NONE', *, *, #1440, .T. ) ;
#1527 = CARTESIAN_POINT ( 'NONE',  ( -1.199999999999998401, 0.3999999999999993006, 3.349999999999999645 ) ) ;
#1528 = ORIENTED_EDGE ( 'NONE', *, *, #14, .T. ) ;
#1529 = EDGE_LOOP ( 'NONE', ( #349, #814, #89, #737 ) ) ;
#1530 = DIRECTION ( 'NONE',  ( 0.0000000000000000000, 0.0000000000000000000, 1.000000000000000000 ) ) ;
#1531 = PRODUCT_DEFINITION_FORMATION_WITH_SPECIFIED_SOURCE ( 'ANY', '', #1708, .NOT_KNOWN. ) ;
#1532 = ADVANCED_FACE ( 'NONE', ( #1561 ), #786, .T. ) ;
#1533 = CARTESIAN_POINT ( 'NONE',  ( 1.200000000000001510, 0.4499999999999994560, 3.349999999999999201 ) ) ;
#1534 = ORIENTED_EDGE ( 'NONE', *, *, #312, .T. ) ;
#1535 = ORIENTED_EDGE ( 'NONE', *, *, #1342, .T. ) ;
#1536 = EDGE_CURVE ( 'NONE', #1322, #206, #1022, .T. ) ;
#1537 = ORIENTED_EDGE ( 'NONE', *, *, #1643, .T. ) ;
#1538 = CARTESIAN_POINT ( 'NONE',  ( 1.425000000000000044, 4.899999999999999467, 1.125000000000000444 ) ) ;
#1539 = ORIENTED_EDGE ( 'NONE', *, *, #892, .F. ) ;
#1540 = EDGE_CURVE ( 'NONE', #125, #652, #1699, .T. ) ;
#1541 = VECTOR ( 'NONE', #223, 1000.000000000000000 ) ;
#1542 = CARTESIAN_POINT ( 'NONE',  ( 1.200000000000001510, 0.4000000000000000222, 2.299999999999999822 ) ) ;
#1543 = ADVANCED_FACE ( 'NONE', ( #828 ), #1300, .F. ) ;
#1544 = CIRCLE ( 'NONE', #850, 0.4500000000000002887 ) ;
#1545 = CARTESIAN_POINT ( 'NONE',  ( -1.199999999999998401, 4.299999999999999822, -3.799999999999999378 ) ) ;
#1546 = FACE_OUTER_BOUND ( 'NONE', #911, .T. ) ;
#1547 = FACE_OUTER_BOUND ( 'NONE', #365, .T. ) ;
#1548 = CARTESIAN_POINT ( 'NONE',  ( 1.200000000000000622, 0.4500000000000001776, -3.399999999999999467 ) ) ;
#1549 = CARTESIAN_POINT ( 'NONE',  ( 1.200000000000001066, 5.000000000000000000, 3.399999999999999467 ) ) ;
#1550 = EDGE_CURVE ( 'NONE', #1743, #226, #1098, .T. ) ;
#1551 = CARTESIAN_POINT ( 'NONE',  ( -1.199999999999998401, 0.4499999999999994560, 3.799999999999999378 ) ) ;
#1552 = ORIENTED_EDGE ( 'NONE', *, *, #1643, .F. ) ;
#1553 = DIRECTION ( 'NONE',  ( -0.0000000000000000000, 1.000000000000000000, -0.0000000000000000000 ) ) ;
#1554 = EDGE_LOOP ( 'NONE', ( #1184, #1717, #207, #1695, #1366, #952, #1403, #411, #1246, #102, #479, #83, #1033, #522, #1221, #1407 ) ) ;
#1555 = SURFACE_SIDE_STYLE ('',( #1517 ) ) ;
#1556 = EDGE_LOOP ( 'NONE', ( #469, #1405, #454, #1020 ) ) ;
#1557 = DIRECTION ( 'NONE',  ( 0.0000000000000000000, 0.8660254037844399289, 0.4999999999999978906 ) ) ;
#1558 = VERTEX_POINT ( 'NONE', #1448 ) ;
#1559 = EDGE_CURVE ( 'NONE', #1576, #206, #764, .T. ) ;
#1560 = DIRECTION ( 'NONE',  ( 0.0000000000000000000, -0.0000000000000000000, 1.000000000000000000 ) ) ;
#1561 = FACE_OUTER_BOUND ( 'NONE', #587, .T. ) ;
#1562 = AXIS2_PLACEMENT_3D ( 'NONE', #637, #890, #758 ) ;
#1563 = PLANE ( 'NONE',  #1242 ) ;
#1564 = VECTOR ( 'NONE', #1335, 1000.000000000000000 ) ;
#1565 = LINE ( 'NONE', #556, #1707 ) ;
#1566 = LINE ( 'NONE', #861, #1489 ) ;
#1567 = VECTOR ( 'NONE', #140, 1000.000000000000000 ) ;
#1568 = DIRECTION ( 'NONE',  ( 0.0000000000000000000, -1.000000000000000000, 0.0000000000000000000 ) ) ;
#1569 = DIRECTION ( 'NONE',  ( 0.0000000000000000000, 1.000000000000000000, 0.0000000000000000000 ) ) ;
#1570 = AXIS2_PLACEMENT_3D ( 'NONE', #691, #431, #1380 ) ;
#1571 = ORIENTED_EDGE ( 'NONE', *, *, #832, .F. ) ;
#1572 = ORIENTED_EDGE ( 'NONE', *, *, #992, .F. ) ;
#1573 = CARTESIAN_POINT ( 'NONE',  ( -3.350000000000000089, 0.4499999999999999001, -3.450000000000000178 ) ) ;
#1574 = ORIENTED_EDGE ( 'NONE', *, *, #1461, .T. ) ;
#1575 = ORIENTED_EDGE ( 'NONE', *, *, #1736, .T. ) ;
#1576 = VERTEX_POINT ( 'NONE', #358 ) ;
#1577 = CLOSED_SHELL ( 'NONE', ( #48, #584, #1642, #1507, #985, #726, #1374, #1271, #441, #40, #1522, #197, #29, #325 ) ) ;
#1578 = DIRECTION ( 'NONE',  ( -1.000000000000000000, -0.0000000000000000000, -0.0000000000000000000 ) ) ;
#1579 = DIRECTION ( 'NONE',  ( 1.000000000000000000, -0.0000000000000000000, -0.0000000000000000000 ) ) ;
#1580 = LINE ( 'NONE', #1052, #919 ) ;
#1581 = EDGE_CURVE ( 'NONE', #436, #535, #1187, .T. ) ;
#1582 = DIRECTION ( 'NONE',  ( 1.000000000000000000, -0.0000000000000000000, -0.0000000000000000000 ) ) ;
#1583 = VECTOR ( 'NONE', #141, 1000.000000000000000 ) ;
#1584 = AXIS2_PLACEMENT_3D ( 'NONE', #917, #525, #101 ) ;
#1585 = VECTOR ( 'NONE', #28, 1000.000000000000000 ) ;
#1586 = DIRECTION ( 'NONE',  ( 0.0000000000000000000, 0.0000000000000000000, 1.000000000000000000 ) ) ;
#1587 = VECTOR ( 'NONE', #244, 1000.000000000000000 ) ;
#1588 = DIRECTION ( 'NONE',  ( 0.0000000000000000000, 0.0000000000000000000, -1.000000000000000000 ) ) ;
#1589 = DIRECTION ( 'NONE',  ( 0.8660254037844399289, -0.4999999999999979461, 0.0000000000000000000 ) ) ;
#1590 = LINE ( 'NONE', #1222, #79 ) ;
#1591 = CARTESIAN_POINT ( 'NONE',  ( -3.350000000000000089, 0.1000000000000004496, -1.897927405783633059 ) ) ;
#1592 = CARTESIAN_POINT ( 'NONE',  ( 1.200000000000001510, 0.3999999999999993006, -3.349999999999999645 ) ) ;
#1593 = ORIENTED_EDGE ( 'NONE', *, *, #785, .T. ) ;
#1594 = EDGE_LOOP ( 'NONE', ( #1611, #1348, #1391, #185 ) ) ;
#1595 = CARTESIAN_POINT ( 'NONE',  ( 1.200000000000001066, -8.673617379884035472E-16, 3.799999999999999378 ) ) ;
#1596 = AXIS2_PLACEMENT_3D ( 'NONE', #1460, #1040, #635 ) ;
#1597 = DIRECTION ( 'NONE',  ( -0.0000000000000000000, -0.0000000000000000000, 1.000000000000000000 ) ) ;
#1598 = ORIENTED_EDGE ( 'NONE', *, *, #1559, .F. ) ;
#1599 = CARTESIAN_POINT ( 'NONE',  ( -3.350000000000000089, 0.09999999999999999167, 1.897927405783632393 ) ) ;
#1600 = ORIENTED_EDGE ( 'NONE', *, *, #981, .F. ) ;
#1601 = VECTOR ( 'NONE', #1689, 1000.000000000000000 ) ;
#1602 = CARTESIAN_POINT ( 'NONE',  ( 1.200000000000001510, 0.4499999999999994560, 3.349999999999999201 ) ) ;
#1603 = EDGE_CURVE ( 'NONE', #436, #1719, #1501, .T. ) ;
#1604 = VECTOR ( 'NONE', #634, 1000.000000000000000 ) ;
#1605 = CARTESIAN_POINT ( 'NONE',  ( -1.199999999999998623, 0.0000000000000000000, 2.300000000000000266 ) ) ;
#1606 = CARTESIAN_POINT ( 'NONE',  ( -1.199999999999998401, 4.299999999999999822, -3.799999999999999378 ) ) ;
#1607 = MECHANICAL_DESIGN_GEOMETRIC_PRESENTATION_REPRESENTATION (  '', ( #971 ), #1196 ) ;
#1608 = LINE ( 'NONE', #991, #445 ) ;
#1609 = CARTESIAN_POINT ( 'NONE',  ( -3.350000000000000089, 5.000000000000000000, 3.450000000000000178 ) ) ;
#1610 = DIRECTION ( 'NONE',  ( 1.000000000000000000, 0.0000000000000000000, 0.0000000000000000000 ) ) ;
#1611 = ORIENTED_EDGE ( 'NONE', *, *, #775, .F. ) ;
#1612 = PRODUCT_DEFINITION_SHAPE ( 'NONE', 'NONE',  #372 ) ;
#1613 = DIRECTION ( 'NONE',  ( 0.0000000000000000000, -1.000000000000000000, 0.0000000000000000000 ) ) ;
#1614 = ORIENTED_EDGE ( 'NONE', *, *, #509, .F. ) ;
#1615 = DIRECTION ( 'NONE',  ( 0.0000000000000000000, 0.0000000000000000000, 1.000000000000000000 ) ) ;
#1616 = EDGE_CURVE ( 'NONE', #1495, #1117, #612, .T. ) ;
#1617 = DIRECTION ( 'NONE',  ( 0.0000000000000000000, 0.0000000000000000000, -1.000000000000000000 ) ) ;
#1618 = ORIENTED_EDGE ( 'NONE', *, *, #38, .F. ) ;
#1619 = DIRECTION ( 'NONE',  ( -0.0000000000000000000, -1.000000000000000000, -0.0000000000000000000 ) ) ;
#1620 = ORIENTED_EDGE ( 'NONE', *, *, #1236, .F. ) ;
#1621 = ORIENTED_EDGE ( 'NONE', *, *, #1321, .F. ) ;
#1622 = VERTEX_POINT ( 'NONE', #1728 ) ;
#1623 = PLANE ( 'NONE',  #1647 ) ;
#1624 =( GEOMETRIC_REPRESENTATION_CONTEXT ( 3 ) GLOBAL_UNCERTAINTY_ASSIGNED_CONTEXT ( ( #231 ) ) GLOBAL_UNIT_ASSIGNED_CONTEXT ( ( #1239, #974, #693 ) ) REPRESENTATION_CONTEXT ( 'NONE', 'WORKASPACE' ) );
#1625 = ORIENTED_EDGE ( 'NONE', *, *, #665, .T. ) ;
#1626 = DIRECTION ( 'NONE',  ( 0.4999999999999978906, -0.8660254037844398178, 0.0000000000000000000 ) ) ;
#1627 = SHAPE_DEFINITION_REPRESENTATION ( #1612, #43 ) ;
#1628 = VECTOR ( 'NONE', #886, 1000.000000000000000 ) ;
#1629 = SURFACE_SIDE_STYLE ('',( #1257 ) ) ;
#1630 = EDGE_CURVE ( 'NONE', #1000, #477, #1324, .T. ) ;
#1631 = EDGE_CURVE ( 'NONE', #762, #1734, #1580, .T. ) ;
#1632 =( NAMED_UNIT ( * ) SI_UNIT ( $, .STERADIAN. ) SOLID_ANGLE_UNIT ( ) );
#1633 = VECTOR ( 'NONE', #1352, 1000.000000000000000 ) ;
#1634 = DIRECTION ( 'NONE',  ( 0.0000000000000000000, 0.0000000000000000000, 1.000000000000000000 ) ) ;
#1635 = CIRCLE ( 'NONE', #296, 0.5000000000000000000 ) ;
#1636 = CARTESIAN_POINT ( 'NONE',  ( -1.199999999999998623, 0.4000000000000000222, 2.300000000000000266 ) ) ;
#1637 = ORIENTED_EDGE ( 'NONE', *, *, #152, .T. ) ;
#1638 = CARTESIAN_POINT ( 'NONE',  ( -3.350000000000000089, 5.000000000000000000, 3.450000000000000178 ) ) ;
#1639 = CARTESIAN_POINT ( 'NONE',  ( 1.425000000000000044, 5.989949493661167246, 1.125000000000000444 ) ) ;
#1640 = ORIENTED_EDGE ( 'NONE', *, *, #1732, .F. ) ;
#1641 = DIRECTION ( 'NONE',  ( 0.0000000000000000000, 0.0000000000000000000, -1.000000000000000000 ) ) ;
#1642 = ADVANCED_FACE ( 'NONE', ( #524 ), #1192, .F. ) ;
#1643 = EDGE_CURVE ( 'NONE', #425, #206, #1483, .T. ) ;
#1644 = EDGE_LOOP ( 'NONE', ( #606, #1086, #1435, #200 ) ) ;
#1645 = CARTESIAN_POINT ( 'NONE',  ( 1.200000000000001510, 0.4000000000000000222, -2.299999999999999822 ) ) ;
#1646 = ORIENTED_EDGE ( 'NONE', *, *, #1162, .F. ) ;
#1647 = AXIS2_PLACEMENT_3D ( 'NONE', #407, #1219, #817 ) ;
#1648 = ORIENTED_EDGE ( 'NONE', *, *, #1723, .F. ) ;
#1649 = PLANE ( 'NONE',  #327 ) ;
#1650 = PLANE ( 'NONE',  #884 ) ;
#1651 = VECTOR ( 'NONE', #1597, 1000.000000000000000 ) ;
#1652 = CARTESIAN_POINT ( 'NONE',  ( 3.350000000000000089, 5.000000000000000000, -2.449999999999997513 ) ) ;
#1653 = CYLINDRICAL_SURFACE ( 'NONE', #792, 0.3500000000000000333 ) ;
#1654 = EDGE_CURVE ( 'NONE', #864, #1369, #653, .T. ) ;
#1655 = LINE ( 'NONE', #1639, #1633 ) ;
#1656 = DIRECTION ( 'NONE',  ( 0.0000000000000000000, 0.0000000000000000000, 1.000000000000000000 ) ) ;
#1657 = CARTESIAN_POINT ( 'NONE',  ( 1.602072594216366719, 0.1000000000000003803, -1.897927405783633059 ) ) ;
#1658 = LINE ( 'NONE', #1429, #317 ) ;
#1659 = MECHANICAL_DESIGN_GEOMETRIC_PRESENTATION_REPRESENTATION (  '', ( #723 ), #367 ) ;
#1660 = ORIENTED_EDGE ( 'NONE', *, *, #400, .F. ) ;
#1661 = AXIS2_PLACEMENT_3D ( 'NONE', #1602, #1610, #1617 ) ;
#1662 = ADVANCED_FACE ( 'NONE', ( #1372 ), #1319, .F. ) ;
#1663 = CARTESIAN_POINT ( 'NONE',  ( -3.350000000000000089, 0.09999999999999986677, 2.950000000000000178 ) ) ;
#1664 = VERTEX_POINT ( 'NONE', #909 ) ;
#1665 = DIRECTION ( 'NONE',  ( -1.000000000000000000, -0.0000000000000000000, -0.0000000000000000000 ) ) ;
#1666 = ORIENTED_EDGE ( 'NONE', *, *, #1193, .T. ) ;
#1667 = DIRECTION ( 'NONE',  ( -1.000000000000000000, -0.0000000000000000000, -0.0000000000000000000 ) ) ;
#1668 = ORIENTED_EDGE ( 'NONE', *, *, #1447, .F. ) ;
#1669 = DIRECTION ( 'NONE',  ( 0.0000000000000000000, 0.0000000000000000000, -1.000000000000000000 ) ) ;
#1670 = EDGE_CURVE ( 'NONE', #965, #1622, #1146, .T. ) ;
#1671 = ORIENTED_EDGE ( 'NONE', *, *, #1280, .T. ) ;
#1672 = PLANE ( 'NONE',  #1227 ) ;
#1673 = ADVANCED_FACE ( 'NONE', ( #895 ), #1063, .T. ) ;
#1674 = VERTEX_POINT ( 'NONE', #915 ) ;
#1675 = DIRECTION ( 'NONE',  ( 0.0000000000000000000, 0.0000000000000000000, -1.000000000000000000 ) ) ;
#1676 = LINE ( 'NONE', #437, #748 ) ;
#1677 = DIRECTION ( 'NONE',  ( 0.0000000000000000000, 1.000000000000000000, 0.0000000000000000000 ) ) ;
#1678 = VECTOR ( 'NONE', #114, 1000.000000000000000 ) ;
#1679 = CARTESIAN_POINT ( 'NONE',  ( -2.850000000000000089, 5.000000000000000000, 3.450000000000000178 ) ) ;
#1680 = LINE ( 'NONE', #1024, #679 ) ;
#1681 = VECTOR ( 'NONE', #1316, 1000.000000000000000 ) ;
#1682 = EDGE_CURVE ( 'NONE', #1692, #22, #371, .T. ) ;
#1683 = CARTESIAN_POINT ( 'NONE',  ( 1.200000000000001510, 0.4000000000000000222, 2.299999999999999822 ) ) ;
#1684 = ADVANCED_FACE ( 'NONE', ( #1208, #56 ), #129, .T. ) ;
#1685 = LINE ( 'NONE', #1683, #1313 ) ;
#1686 = ORIENTED_EDGE ( 'NONE', *, *, #482, .T. ) ;
#1687 = AXIS2_PLACEMENT_3D ( 'NONE', #96, #1589, #1065 ) ;
#1688 = DIRECTION ( 'NONE',  ( 0.0000000000000000000, 0.0000000000000000000, -1.000000000000000000 ) ) ;
#1689 = DIRECTION ( 'NONE',  ( -1.000000000000000000, -0.0000000000000000000, -0.0000000000000000000 ) ) ;
#1690 = ORIENTED_EDGE ( 'NONE', *, *, #493, .F. ) ;
#1691 = DIRECTION ( 'NONE',  ( 0.0000000000000000000, 0.4999999999999978906, -0.8660254037844399289 ) ) ;
#1692 = VERTEX_POINT ( 'NONE', #1080 ) ;
#1693 = EDGE_CURVE ( 'NONE', #1096, #1737, #503, .T. ) ;
#1694 = CARTESIAN_POINT ( 'NONE',  ( 1.200000000000000844, 4.299999999999999822, 3.399999999999999467 ) ) ;
#1695 = ORIENTED_EDGE ( 'NONE', *, *, #1149, .F. ) ;
#1696 = DIRECTION ( 'NONE',  ( 0.0000000000000000000, -0.0000000000000000000, -1.000000000000000000 ) ) ;
#1697 = EDGE_LOOP ( 'NONE', ( #905, #347, #1572, #511 ) ) ;
#1698 = PRESENTATION_LAYER_ASSIGNMENT (  '', '', ( #1216 ) ) ;
#1699 = LINE ( 'NONE', #1198, #190 ) ;
#1700 = DIRECTION ( 'NONE',  ( 0.0000000000000000000, -1.000000000000000000, 0.0000000000000000000 ) ) ;
#1701 = LINE ( 'NONE', #868, #1485 ) ;
#1702 = AXIS2_PLACEMENT_3D ( 'NONE', #233, #1432, #908 ) ;
#1703 = DIRECTION ( 'NONE',  ( 1.668003342285391551E-16, -1.000000000000000000, 0.0000000000000000000 ) ) ;
#1704 = FACE_OUTER_BOUND ( 'NONE', #113, .T. ) ;
#1705 = CARTESIAN_POINT ( 'NONE',  ( 3.350000000000000089, 0.09999999999999999167, -3.450000000000000178 ) ) ;
#1706 =( NAMED_UNIT ( * ) PLANE_ANGLE_UNIT ( ) SI_UNIT ( $, .RADIAN. ) );
#1707 = VECTOR ( 'NONE', #808, 1000.000000000000000 ) ;
#1708 = PRODUCT ( 'FDUE0650-H-1R0M=P3', 'FDUE0650-H-1R0M=P3', '', ( #686 ) ) ;
#1709 = CARTESIAN_POINT ( 'NONE',  ( -1.199999999999998401, 4.299999999999999822, -3.399999999999999467 ) ) ;
#1710 = VECTOR ( 'NONE', #353, 1000.000000000000000 ) ;
#1711 = DIRECTION ( 'NONE',  ( 0.0000000000000000000, 1.000000000000000000, 0.0000000000000000000 ) ) ;
#1712 = ORIENTED_EDGE ( 'NONE', *, *, #337, .T. ) ;
#1713 = EDGE_CURVE ( 'NONE', #927, #965, #9, .T. ) ;
#1714 = CARTESIAN_POINT ( 'NONE',  ( -1.199999999999998401, 0.4499999999999994560, -3.799999999999999378 ) ) ;
#1715 = EDGE_LOOP ( 'NONE', ( #912, #53 ) ) ;
#1716 = CARTESIAN_POINT ( 'NONE',  ( 1.602072594216366719, 0.1000000000000003803, 3.450000000000000178 ) ) ;
#1717 = ORIENTED_EDGE ( 'NONE', *, *, #1090, .T. ) ;
#1718 = DIRECTION ( 'NONE',  ( 0.0000000000000000000, 0.0000000000000000000, -1.000000000000000000 ) ) ;
#1719 = VERTEX_POINT ( 'NONE', #135 ) ;
#1720 = EDGE_LOOP ( 'NONE', ( #1071, #949, #360, #544 ) ) ;
#1721 = DIRECTION ( 'NONE',  ( 0.0000000000000000000, 0.0000000000000000000, 1.000000000000000000 ) ) ;
#1722 = EDGE_LOOP ( 'NONE', ( #1571, #1115, #1614, #976 ) ) ;
#1723 = EDGE_CURVE ( 'NONE', #73, #1664, #745, .T. ) ;
#1724 = DIRECTION ( 'NONE',  ( -0.4999999999999978906, 0.8660254037844398178, 0.0000000000000000000 ) ) ;
#1725 = ORIENTED_EDGE ( 'NONE', *, *, #1125, .T. ) ;
#1726 = LINE ( 'NONE', #1638, #1439 ) ;
#1727 = CARTESIAN_POINT ( 'NONE',  ( -1.199999999999998401, 0.4499999999999994560, -3.399999999999999467 ) ) ;
#1728 = CARTESIAN_POINT ( 'NONE',  ( -1.399999999999998579, 0.4499999999999996780, -2.100000000000000977 ) ) ;
#1729 = FACE_OUTER_BOUND ( 'NONE', #774, .T. ) ;
#1730 = LINE ( 'NONE', #872, #902 ) ;
#1731 = LINE ( 'NONE', #186, #643 ) ;
#1732 = EDGE_CURVE ( 'NONE', #916, #1389, #163, .T. ) ;
#1733 = DIRECTION ( 'NONE',  ( 0.0000000000000000000, -1.000000000000000000, 0.0000000000000000000 ) ) ;
#1734 = VERTEX_POINT ( 'NONE', #540 ) ;
#1735 = DIRECTION ( 'NONE',  ( 0.0000000000000000000, 0.0000000000000000000, 1.000000000000000000 ) ) ;
#1736 = EDGE_CURVE ( 'NONE', #51, #125, #334, .T. ) ;
#1737 = VERTEX_POINT ( 'NONE', #1482 ) ;
#1738 = VERTEX_POINT ( 'NONE', #1214 ) ;
#1739 = PLANE ( 'NONE',  #299 ) ;
#1740 = CARTESIAN_POINT ( 'NONE',  ( 1.200000000000001510, -7.047314121155778821E-16, -3.350000000000003197 ) ) ;
#1741 = DIRECTION ( 'NONE',  ( 1.445602896647340149E-16, 0.0000000000000000000, 1.000000000000000000 ) ) ;
#1742 = EDGE_LOOP ( 'NONE', ( #249, #843, #1051, #1220 ) ) ;
#1743 = VERTEX_POINT ( 'NONE', #657 ) ;
#1744 = EDGE_LOOP ( 'NONE', ( #1179, #502, #1770, #403 ) ) ;
#1745 = DIRECTION ( 'NONE',  ( -0.4472135954999564844, -0.7745966692414850696, -0.4472135954999564289 ) ) ;
#1746 = EDGE_CURVE ( 'NONE', #849, #1, #115, .T. ) ;
#1747 = CARTESIAN_POINT ( 'NONE',  ( 1.200000000000001066, -8.673617379884035472E-16, 3.399999999999999467 ) ) ;
#1748 = FACE_OUTER_BOUND ( 'NONE', #110, .T. ) ;
#1749 = LINE ( 'NONE', #1527, #39 ) ;
#1750 =( NAMED_UNIT ( * ) PLANE_ANGLE_UNIT ( ) SI_UNIT ( $, .RADIAN. ) );
#1751 = VECTOR ( 'NONE', #336, 1000.000000000000000 ) ;
#1752 = FILL_AREA_STYLE_COLOUR ( '', #935 ) ;
#1753 = CARTESIAN_POINT ( 'NONE',  ( 1.200000000000001510, 0.4499999999999994560, -3.349999999999999201 ) ) ;
#1754 = ORIENTED_EDGE ( 'NONE', *, *, #1180, .F. ) ;
#1755 = CARTESIAN_POINT ( 'NONE',  ( 1.200000000000001066, 0.4499999999999993450, 3.399999999999999467 ) ) ;
#1756 = ORIENTED_EDGE ( 'NONE', *, *, #165, .T. ) ;
#1757 = CARTESIAN_POINT ( 'NONE',  ( 1.200000000000001510, 0.4499999999999994560, -3.799999999999999378 ) ) ;
#1758 = EDGE_LOOP ( 'NONE', ( #1725, #160, #30, #1478 ) ) ;
#1759 = VERTEX_POINT ( 'NONE', #680 ) ;
#1760 = FACE_OUTER_BOUND ( 'NONE', #473, .T. ) ;
#1761 = EDGE_CURVE ( 'NONE', #1674, #1358, #480, .T. ) ;
#1762 = FACE_OUTER_BOUND ( 'NONE', #576, .T. ) ;
#1763 = CARTESIAN_POINT ( 'NONE',  ( 1.200000000000001510, 0.4000000000000000222, 2.299999999999999822 ) ) ;
#1764 = FACE_OUTER_BOUND ( 'NONE', #580, .T. ) ;
#1765 = VECTOR ( 'NONE', #630, 1000.000000000000000 ) ;
#1766 = DIRECTION ( 'NONE',  ( 0.0000000000000000000, 0.0000000000000000000, 1.000000000000000000 ) ) ;
#1767 = DIRECTION ( 'NONE',  ( 0.0000000000000000000, 1.000000000000000000, 0.0000000000000000000 ) ) ;
#1768 = VECTOR ( 'NONE', #626, 1000.000000000000000 ) ;
#1769 = CARTESIAN_POINT ( 'NONE',  ( 1.425000000000000044, 5.989949493661167246, 1.475000000000000311 ) ) ;
#1770 = ORIENTED_EDGE ( 'NONE', *, *, #70, .T. ) ;
#1771 =( NAMED_UNIT ( * ) SI_UNIT ( $, .STERADIAN. ) SOLID_ANGLE_UNIT ( ) );
#1772 = ORIENTED_EDGE ( 'NONE', *, *, #934, .T. ) ;
#1773 = EDGE_CURVE ( 'NONE', #1743, #849, #700, .T. ) ;
ENDSEC;
END-ISO-10303-21;
